Keyword,Intent,Volume,Keyword Difficulty,CPC (USD),Competitive Density,SERP Features
bambino non mangia psicologia,Informational,480,9,0.00,0.00,"AI Overview, Reviews, Video, Video carousel, People also ask, Related searches"
bambino improvvisamente non mangia,Informational,390,14,0.00,0.00,"AI Overview, Video, Video carousel, Short videos, People also ask, Related searches"
bambino 2 anni non mangia più,Informational,260,14,0.00,0.00,"Sitelinks, AI Overview, Video, Video carousel, Short videos, People also ask, Related searches"
bambini che non mangiano,Informational,210,16,0.00,0.00,"Sitelinks, AI Overview, Image pack, Video, Video carousel, People also ask, Related searches"
bambino mangia ma non prende peso,Informational,210,13,0.00,0.00,"AI Overview, Video, People also ask, Related searches"
espansore palato bambini non mangia,Informational,110,8,0.00,0.00,"AI Overview, Image, Video, Video carousel, People also ask, Related searches"
bambino 1 anno non mangia forum,Informational,90,12,0.00,0.00,"Sitelinks, Video, People also ask, Related searches"
bambino 4 anni non mangia niente,Informational,90,13,0.00,0.00,"AI Overview, Video, Video carousel, People also ask, Related searches"
bambino improvvisamente non mangia 3 anni,Informational,90,11,0.00,0.00,"AI Overview, Video, Video carousel, People also ask, Related searches"
bambino che non mangia,Informational,70,14,0.00,0.00,"AI Overview, Video, Video carousel, People also ask, Related searches"
bambino improvvisamente non mangia forum,Informational,70,15,0.00,0.00,"Sitelinks, AI Overview, Video, People also ask, Related searches"
vitamine per bambini che non mangiano frutta e verdura,,70,,0.00,0.00,
bambino 2 anni non mangia forum,,50,,0.00,0.00,
bambino 3 anni non mangia più,,50,,0.00,0.00,
bambino non mangia,,50,,0.00,0.00,
quali formaggi non possono mangiare i bambini,,50,,0.00,0.00,
bambini che non hanno da mangiare,,40,,0.00,0.00,
bambino 1 anno non mangia più,,40,,0.00,0.00,
bambino 10 mesi non mangia più,,40,,0.00,0.00,
quando preoccuparsi se il bambino non mangia,,40,,0.00,0.00,
bambini che non mangiano verdure conseguenze,,30,,0.00,0.00,
bambino 13 mesi non mangia,,30,,0.00,0.00,
bambino 2 anni non mangia da solo,,30,,0.00,0.00,
bambino 7 anni non mangia forum,,30,,0.00,0.00,
cosa non mangiare con antibiotico augmentin bambini,,30,,0.00,0.00,
dermatite atopica bambini cosa non mangiare,,30,,0.00,0.00,
bambina 1 anno non mangia,,20,,0.00,0.19,
bambina 1 anno non vuole mangiare,,20,,0.00,0.05,
bambina 10 mesi non mangia,,20,,0.00,0.03,
bambina 11 mesi non mangia,,20,,0.00,0.23,
bambina 15 mesi non mangia,,20,,0.00,0.18,
bambina 7 mesi non mangia,,20,,0.00,0.27,
bambina 8 mesi non mangia,,20,,0.00,0.14,
bambina 9 mesi non mangia,,20,,0.00,0.21,
bambina che non mangia,,20,,0.00,0.31,
bambina che non vuole mangiare,,20,,0.00,0.17,
bambina con febbre non mangia,,20,,0.00,0.33,
bambina di un anno che non mangia,,20,,0.00,0.43,
bambina di un anno non mangia,,20,,0.00,0.20,
bambina non mangia,,20,,0.00,0.23,
bambina non vuole mangiare,,20,,0.00,0.18,
bambino 1 anno non mangia,,20,,0.00,0.00,
bambino 18 mesi non mangia,,20,,0.00,0.00,
bambino 2 anni non mangia,,20,,0.00,0.00,
bambino 3 anni non mangia,,20,,0.00,0.00,
bambino 3 anni non mangia da solo,,20,,0.00,0.00,
bambino 8 mesi non mangia,,20,,0.00,0.00,
bambino influenza non mangia forum,,20,,0.00,0.00,
bambino non mangia da 3 giorni,,20,,0.00,0.00,
come non far mangiare le unghie ai bambini,,20,,0.00,0.00,
contorni per bambini che non mangiano verdure,,20,,0.00,0.00,
film bambina che non mangia,,20,,0.00,0.33,
la bambina non mangia carne,,20,,0.00,0.18,
la casa delle bambine che non mangiano,,20,,0.00,0.11,
perche i bambini non possono mangiare miele,,20,,0.00,0.00,
perché i bambini non possono mangiare i funghi,,20,,0.00,0.00,
perché i bambini non possono mangiare il miele,,20,,0.00,0.00,
ricette per bambini che non mangiano verdure,,20,,0.00,0.00,
smalto per non mangiarsi le unghie bambini,,20,,0.00,0.00,
svezzamento bambino non mangia,,20,,0.00,0.00,
svezzamento se il bambino non mangia,,20,,0.00,0.00,
vitamine per bambini che non mangiano,,20,,0.00,0.00,
bambina non mangia all asilo,,10,,0.00,0.33,
bambini che non mangiano a scuola,,10,,0.00,0.00,
bambini che non mangiano frutta e verdura,,10,,0.00,0.00,
bambini che non vogliono mangiare,,10,,0.00,0.00,
bambini non mangiano,,10,,0.00,0.00,
bambino 1 anno non vuole mangiare,,10,,0.00,0.00,
bambino 10 mesi non mangia più forum,,10,,0.00,0.00,
bambino 18 mesi non mangia più,,10,,0.00,0.00,
bambino 18 mesi non mangia più forum,,10,,0.00,0.00,
bambino 2 anni non mangia a pezzi,,10,,0.00,0.00,
bambino 2 anni non mangia più forum,,10,,0.00,0.00,
bambino 3 anni non mangia da solo forum,,10,,0.00,0.00,
bambino 3 anni non vuole mangiare,,10,,0.00,0.00,
bambino 4 anni non mangia da solo,,10,,0.00,0.00,
bambino 4 anni non mangia niente forum,,10,,0.00,0.00,
bambino 7 anni non mangia,,10,,0.00,0.00,
bambino 8 anni non mangia,,10,,0.00,0.00,
bambino autistico che non vuole mangiare,,10,,0.00,0.00,
bambino che non mangia alla scuola materna,,10,,0.00,0.00,
bambino che non mangia cosa fare,,10,,0.00,0.00,
bambino che non vuole mangiare,,10,,0.00,0.00,
bambino con febbre non mangia,,10,,0.00,0.00,
bambino con influenza non mangia,,10,,0.00,0.00,
bambino di 1 anno non mangia,,10,,0.00,0.00,
bambino di 2 anni non mangia,,10,,0.00,0.00,
bambino di 5 anni che non mangia da solo,,10,,0.00,0.00,
bambino di un anno non mangia,,10,,0.00,0.00,
bambino febbre non mangia,,10,,0.00,0.00,
bambino influenza non mangia,,10,,0.00,0.00,
bambino mangia tanto e non ingrassa,,10,,0.00,0.00,
bambino non mangia a casa,,10,,0.00,0.00,
bambino non mangia al nido,,10,,0.00,0.00,
bambino non mangia all asilo,,10,,0.00,0.00,
bambino non vuole mangiare,,10,,0.00,0.00,
bambino un anno non mangia,,10,,0.00,0.00,
cosa fare quando i bambini non mangiano,,10,,0.00,0.00,
cosa fare se il bambino non mangia,,10,,0.00,0.00,
cosa fare se un bambino non vuole mangiare,,10,,0.00,0.00,
cosa non possono mangiare i bambini di 2 anni,,10,,0.00,0.00,
cosa non può mangiare un bambino di 1 anno,,10,,0.00,0.00,
il mio bambino non mi mangia,,10,,0.00,0.00,
integratori per bambini che non mangiano,,10,,0.00,0.00,
perche i bambini non mangiano le verdure,,10,,0.00,0.00,
perchè i bambini non mangiano,,10,,0.00,0.00,
perché i bambini non vogliono mangiare,,10,,0.00,0.00,
perché i bambini piccoli non possono mangiare il miele,,10,,0.00,0.00,
quando i bambini non vogliono mangiare,,10,,0.00,0.00,
ricette per bambini che non mangiano niente,,10,,0.00,0.00,
rimedi per non mangiarsi le unghie bambini,,10,,0.00,0.00,
smalto per non mangiare le unghie bambini,,10,,0.00,0.00,
smalto per non mangiarsi le unghie bambini farmacia,,10,,0.00,0.00,
smalto per non mangiarsi le unghie bambini minsan,,10,,0.00,0.00,
11 mesi bambino non mangia,,0,,0.00,0.00,
2 mesi bambino mangia e non prende peso,,0,,0.00,0.00,
7 mesi il bambino non mangia,,0,,0.00,0.00,
9 mesi bambino non mangia,,0,,0.00,0.00,
a natale non mangiare un agnello bambino,,0,,0.00,0.00,
a natale non mangiare un agnello mangia un bambino,,0,,0.00,0.00,
a scuola elementare il bambino di 6 anni non mangia,,0,,0.00,0.00,
acetone bambini cosa non mangiare,,0,,0.00,0.00,
acetone nei bambini cosa non mangiare,,0,,0.00,0.00,
acetone se un bambino non mangia,,0,,0.00,0.00,
afte sulla lingua bambini non mangia,,0,,0.00,0.00,
alimentazione bambino 18 mesi non mangia pesce,,0,,0.00,0.00,
alimentazione bambino 3 anni che non vuole mangiare,,0,,0.00,0.00,
alimenti da non mangiare con antibiotici bambini,,0,,0.00,0.00,
amazon il mio bambino non mi mangia,,0,,0.00,0.00,
ansia mamme bambini che non mangiano,,0,,0.00,0.00,
antibiotico bambini cosa non mangiare,,0,,0.00,0.00,
apparecchio denti bambini cosa non si puo mangiare,,0,,0.00,0.00,
artrite reumatoide bambino cosa non mangiare,,0,,0.00,0.00,
autosvezzamento bambino non mangia,,0,,0.00,0.00,
b vital totale gocce bambini che non mangiano,,0,,0.00,0.00,
bach bambini bisogno attenzione non mangia,,0,,0.00,0.00,
bach bambini richiesta attenzioni no scuola sport non mangia,,0,,0.00,0.00,
bafétimbi gomis non mangio bambini,,0,,0.00,0.00,
bambin che non vuole mangiare,,0,,0.00,0.00,
bambina 1 anno e mezzo non mangia,,0,,0.00,0.00,
bambina 1 mise non mangia 10 ore,,0,,0.00,0.00,
bambina 10 anni non mangia,,0,,0.00,0.00,
bambina 11 anni non mangia,,0,,0.00,0.00,
bambina 11 mesi scariche non belle cosa mangiare,,0,,0.00,0.00,
bambina 14 mesi non mangia,,0,,0.00,0.00,
bambina 16 mesi non mangia,,0,,0.00,0.00,
bambina 17 mesi non mangia,,0,,0.00,0.00,
bambina 18 mesi non mangia,,0,,0.00,0.00,
bambina 2 anni e mezzo non mangia,,0,,0.00,0.00,
bambina 2 anni non mangia,,0,,0.00,0.00,
bambina 2 anni non vuole mangiare,,0,,0.00,0.00,
bambina 20 mesi non mangia,,0,,0.00,0.00,
bambina 20 mesi non mangia e scende di peso,,0,,0.00,0.00,
bambina 20 mesi non mangia latte,,0,,0.00,0.00,
bambina 3 anni non mangia,,0,,0.00,0.00,
bambina 3 anni non mangia niente,,0,,0.00,0.00,
bambina 3 anni non vuole mangiare,,0,,0.00,0.00,
bambina 3 mesi non mangia,,0,,0.00,0.00,
bambina 4 anni non mangia,,0,,0.00,0.00,
bambina 4 anni non vuole mangiare a tavola,,0,,0.00,0.00,
bambina 4 anni non vuole mangiare all'asilo,,0,,0.00,0.00,
bambina 4 anni vuole mangiare non vuole,,0,,0.00,0.00,
bambina 5 anni non ha voglia di mangiare,,0,,0.00,0.00,
bambina 5 anni non mangia,,0,,0.00,0.00,
bambina 5 mesi non mangia,,0,,0.00,0.00,
bambina 6 anni non mangia,,0,,0.00,0.00,
bambina 7 anni non mangia,,0,,0.00,0.00,
bambina 7 mesi mugola continuamente e non mangia,,0,,0.00,0.00,
bambina 8 anni non mangia,,0,,0.00,0.00,
bambina 8 mesi non mangia piu pappa,,0,,0.00,0.00,
bambina 9 anni non mangia,,0,,0.00,0.00,
bambina 9 mesi che non mangia,,0,,0.00,0.00,
bambina cche non mangia gelato,,0,,0.00,0.00,
bambina che ingrassa ma non mangia molto,,0,,0.00,0.00,
bambina che mangia non sano,,0,,0.00,0.00,
bambina che mangia tanto ma non ingrassa,,0,,0.00,0.00,
bambina che mangia una.cosa che non gli piace,,0,,0.00,0.00,
bambina che non ama mangiare carne,,0,,0.00,0.00,
bambina che non ha mai mangiato zuccheri,,0,,0.00,0.00,
bambina che non mangia all'asilo,,0,,0.00,0.00,
bambina che non mangia carne,,0,,0.00,0.00,
bambina che non mangia film,,0,,0.00,0.00,
bambina che non mangia frutta e verdura,,0,,0.00,0.00,
bambina che non mangia gelato,,0,,0.00,0.00,
bambina che non mangia la pizza,,0,,0.00,0.00,
bambina che non mangia malattia,,0,,0.00,0.00,
bambina che non mangia niente,,0,,0.00,0.00,
bambina che non mangia per non sporcarsi,,0,,0.00,0.00,
bambina che non mangia prima pappa,,0,,0.00,0.00,
bambina che non mangia traumatizzata di vomitare,,0,,0.00,0.00,
bambina che non mangia verdure a frutta,,0,,0.00,0.00,
bambina che non mangia verona,,0,,0.00,0.00,
bambina che non mangia zuccheri,,0,,0.00,0.00,
bambina che non vuole la cioccolata e mangia broccolo,,0,,0.00,0.00,
bambina che non vuole mangiare animali,,0,,0.00,0.00,
bambina che non vuole mangiare carne,,0,,0.00,0.00,
bambina che non vuole mangiare gli animali,,0,,0.00,0.00,
bambina che non vuole mangiare la carne,,0,,0.00,0.00,
bambina che vomita quando non vuole mangiare,,0,,0.00,0.00,
bambina di 1 anno che non mangia,,0,,0.00,0.00,
bambina di 1 anno non mangia,,0,,0.00,0.00,
bambina di 10 mesi non mangia pasta frutta e yougurt,,0,,0.00,0.00,
bambina di 18 mesi non mangia,,0,,0.00,0.00,
bambina di 2 anni che non mangia,,0,,0.00,0.00,
bambina di 2 anni con mal di gola non mangia,,0,,0.00,0.00,
bambina di 2 anni non mangia,,0,,0.00,0.00,
bambina di 2 anni non vuole mangiare,,0,,0.00,0.00,
bambina di 22 mesi non mangia piu,,0,,0.00,0.00,
bambina di 3 anni che non mangia,,0,,0.00,0.00,
bambina di 3 anni che non vuole mangiare,,0,,0.00,0.00,
bambina di 3 anni non mangia,,0,,0.00,0.00,
bambina di 4 anni che non mangia,,0,,0.00,0.00,
bambina di 4 anni non mangia,,0,,0.00,0.00,
bambina di 4 mesi non mangia,,0,,0.00,0.00,
bambina di 5 anni che non vuole mangiare,,0,,0.00,0.00,
bambina di 6 anni che non mangia,,0,,0.00,0.00,
bambina di 6 anni non mangia,,0,,0.00,0.00,
bambina di 6 mesi non mangia,,0,,0.00,0.00,
bambina di 7 anni che non mangia,,0,,0.00,0.00,
bambina di 8 anni che non mangia,,0,,0.00,0.00,
bambina di 8 mesi non mangia piu,,0,,0.00,0.00,
bambina di 8 mesi non vuole mangiare,,0,,0.00,0.00,
bambina di 8 mesi quando mangia non sta zitta,,0,,0.00,0.00,
bambina di 9 anni che non mangia,,0,,0.00,0.00,
bambina di due anni che non mangia,,0,,0.00,0.00,
bambina di due anni non mangia,,0,,0.00,0.00,
bambina di tre anni non vuolr mangiare da sola,,0,,0.00,0.00,
bambina due anni e mezzo non vuole mangiare,,0,,0.00,0.00,
bambina due anni mangia ma non cresce,,0,,0.00,0.00,
bambina due anni non mangia,,0,,0.00,0.00,
bambina inglese che dice di non voler mangiare gli animali,,0,,0.00,0.00,
bambina mangia ma non cresce,,0,,0.00,0.00,
bambina marocchina non mangia,,0,,0.00,0.00,
bambina non mangia a casa solo alla.silo,,0,,0.00,0.00,
bambina non mangia all'asilo,,0,,0.00,0.33,
bambina non mangia allasilo,,0,,0.00,0.00,
bambina non mangia carne,,0,,0.00,0.00,
bambina non mangia da 3 giorni,,0,,0.00,0.00,
bambina non mangia durante antibiotici,,0,,0.00,0.00,
bambina non mangia e saliva,,0,,0.00,0.00,
bambina non mangia frutta e verdura,,0,,0.00,0.00,
bambina non mangia niente,,0,,0.00,0.00,
bambina non mangia perchè povera,,0,,0.00,0.00,
bambina non mangia proteine,,0,,0.00,0.00,
bambina non mangia visita in neropsichiatria,,0,,0.00,0.00,
bambina non mangia visita in neurologia,,0,,0.00,0.00,
bambina non mi mangia pappa crema di riso,,0,,0.00,0.00,
bambina non vulle mangiare costpata,,0,,0.00,0.00,
bambina non vuole mangiare animali,,0,,0.00,0.00,
bambina non vuole mangiare carne,,0,,0.00,0.00,
bambina non vuole mangiare cartone,,0,,0.00,0.00,
bambina non vuole mangiare disegno,,0,,0.00,0.00,
bambina non vuole mangiare e bere,,0,,0.00,0.00,
bambina non vuole mangiare spreco cibo disegno,,0,,0.00,0.00,
bambina periodo di stress non mangia rabbia e pianto,,0,,0.00,0.00,
bambina raffreddata non mangia la pastina,,0,,0.00,0.00,
bambina sotto antibiotico non vuole.mangiare,,0,,0.00,0.00,
bambina traumatizzata che non mangia,,0,,0.00,0.00,
bambina tre anni non mangia,,0,,0.00,0.00,
bambina un anno non mangia,,0,,0.00,0.00,
bambina un anno non vuole mangiare,,0,,0.00,0.00,
bambina vegetariana che non mangia animali facebook,,0,,0.00,0.00,
bambina.che non si sveglia la notte per mangiare,,0,,0.00,0.00,
bambine patata non da mangiare,,0,,0.00,0.00,
bambine per non mangiarsi le unghie medicine omeopatiche ba b,,0,,0.00,0.00,
bambini 1 anno che non mangiano,,0,,0.00,0.00,
bambini 2 anni che non mangiano,,0,,0.00,0.00,
bambini 2 anni non mangia,,0,,0.00,0.00,
bambini 3 anni che non mangiano,,0,,0.00,0.00,
bambini 3 anni che non mangiano da soli,,0,,0.00,0.00,
bambini 3 anni non mangia,,0,,0.00,0.00,
bambini 3 anni non mangia da solo,,0,,0.00,0.00,
bambini 6 mesi che non mangiano,,0,,0.00,0.00,
bambini africa che non mangiano,,0,,0.00,0.00,
bambini africani che non mangiano,,0,,0.00,0.00,
bambini autistici che non mangiano,,0,,0.00,0.00,
bambini che a 14 mesi non mangiano niente,,0,,0.00,0.00,
bambini che all'improvviso non mangiano,,0,,0.00,0.00,
bambini che mangiano con le mani ma non dal cucchiaio,,0,,0.00,0.00,
bambini che mangiano e non aumentano di peso,,0,,0.00,0.00,
bambini che mangiano ma non cresce di peso,,0,,0.00,0.00,
bambini che mangiano ma non crescono di peso,,0,,0.00,0.00,
bambini che mangiano tanto e non ingrassano,,0,,0.00,0.00,
bambini che nei primi ani non mangiano tutto,,0,,0.00,0.00,
bambini che non hanno niente da mangiare,,0,,0.00,0.00,
bambini che non hanno voglia di mangiare,,0,,0.00,0.00,
bambini che non mangia a 5 anni,,0,,0.00,0.00,
bambini che non mangia a cena,,0,,0.00,0.00,
bambini che non mangiano 3 anni,,0,,0.00,0.00,
bambini che non mangiano 4 anni,,0,,0.00,0.00,
bambini che non mangiano a 6 mesi,,0,,0.00,0.00,
bambini che non mangiano a casa,,0,,0.00,0.00,
bambini che non mangiano a tavola,,0,,0.00,0.00,
bambini che non mangiano africa,,0,,0.00,0.00,
bambini che non mangiano al mare,,0,,0.00,0.00,
bambini che non mangiano al nido,,0,,0.00,0.00,
bambini che non mangiano all asilo,,0,,0.00,0.00,
bambini che non mangiano all& 39,,0,,0.00,0.00,
bambini che non mangiano all'asilo,,0,,0.00,0.00,
bambini che non mangiano alla materna,,0,,0.00,0.00,
bambini che non mangiano alla scuola materna,,0,,0.00,0.00,
bambini che non mangiano carne,,0,,0.00,0.00,
bambini che non mangiano carne anemia,,0,,0.00,0.00,
bambini che non mangiano carne e pesce,,0,,0.00,0.00,
bambini che non mangiano cause,,0,,0.00,0.00,
bambini che non mangiano cibi niente,,0,,0.00,0.00,
bambini che non mangiano cibi solidi,,0,,0.00,0.00,
bambini che non mangiano come diventano,,0,,0.00,0.00,
bambini che non mangiano con flebo,,0,,0.00,0.00,
bambini che non mangiano con gli altri,,0,,0.00,0.00,
bambini che non mangiano con i genitori,,0,,0.00,0.00,
bambini che non mangiano con il caldo,,0,,0.00,0.00,
bambini che non mangiano con la febbre,,0,,0.00,0.00,
bambini che non mangiano con la mamma,,0,,0.00,0.00,
bambini che non mangiano cosa fare,,0,,0.00,0.00,
bambini che non mangiano da soli,,0,,0.00,0.00,
bambini che non mangiano di tutto,,0,,0.00,0.00,
bambini che non mangiano di tutto non parlano bene,,0,,0.00,0.00,
bambini che non mangiano dopo influenza,,0,,0.00,0.00,
bambini che non mangiano dopo svezzamento,,0,,0.00,0.00,
bambini che non mangiano durante trp antibiotica,,0,,0.00,0.00,
bambini che non mangiano e muoiono,,0,,0.00,0.00,
bambini che non mangiano e non dormono,,0,,0.00,0.00,
bambini che non mangiano forum,,0,,0.00,0.00,
bambini che non mangiano frutta,,0,,0.00,0.00,
bambini che non mangiano fumetto,,0,,0.00,0.00,
bambini che non mangiano fuori casa,,0,,0.00,0.00,
bambini che non mangiano la frutta,,0,,0.00,0.00,
bambini che non mangiano la pappa,,0,,0.00,0.00,
bambini che non mangiano la pasta,,0,,0.00,0.00,
bambini che non mangiano la sera,,0,,0.00,0.00,
bambini che non mangiano le pappe,,0,,0.00,0.00,
bambini che non mangiano le pappe che fare,,0,,0.00,0.00,
bambini che non mangiano le verdure,,0,,0.00,0.00,
bambini che non mangiano magri,,0,,0.00,0.00,
bambini che non mangiano ne frutta ne verduta,,0,,0.00,0.00,
bambini che non mangiano niente,,0,,0.00,0.00,
bambini che non mangiano pasta,,0,,0.00,0.00,
bambini che non mangiano per paura di soffocare,,0,,0.00,0.00,
bambini che non mangiano pesce,,0,,0.00,0.00,
bambini che non mangiano più,,0,,0.00,0.00,
bambini che non mangiano possono,,0,,0.00,0.00,
bambini che non mangiano possono stare in mensa,,0,,0.00,0.00,
bambini che non mangiano poveri,,0,,0.00,0.00,
bambini che non mangiano quasi niente,,0,,0.00,0.00,
bambini che non mangiano rimedi,,0,,0.00,0.00,
bambini che non mangiano solidi nie,,0,,0.00,0.00,
bambini che non mangiano tempo pieno,,0,,0.00,0.00,
bambini che non mangiano tutto,,0,,0.00,0.00,
bambini che non mangiano verdura,,0,,0.00,0.00,
bambini che non mangiano verdure,,0,,0.00,0.00,
bambini che non mangiano verdure carne frutta e pesce,,0,,0.00,0.00,
bambini che non mangiano verdure e frutta,,0,,0.00,0.00,
bambini che non mangiano zuccheri,,0,,0.00,0.00,
bambini che non possono mangiare,,0,,0.00,0.00,
bambini che non sanno mangiare,,0,,0.00,0.00,
bambini che non stanno bene non mangiano,,0,,0.00,0.00,
bambini che non voglio mangiare,,0,,0.00,0.00,
bambini che non voglioni mangiare all'asilo,,0,,0.00,0.00,
bambini che non vogliono mangiare a scuola,,0,,0.00,0.00,
bambini che non vogliono mangiare all& 39,,0,,0.00,0.00,
bambini che non vogliono mangiare all'asilo,,0,,0.00,0.00,
bambini che non vogliono mangiare alla scuola materna,,0,,0.00,0.00,
bambini che non vogliono mangiare carne,,0,,0.00,0.00,
bambini che non vogliono mangiare da soli,,0,,0.00,0.00,
bambini che non vogliono mangiare ha dei problemi,,0,,0.00,0.00,
bambini che non vogliono mangiare il latte,,0,,0.00,0.00,
bambini che non vogliono mangiare la pasta,,0,,0.00,0.00,
bambini che non vogliono mangiare libri,,0,,0.00,0.00,
bambini che non vogliono mangiare ne carne ne pasta,,0,,0.00,0.00,
bambini che non vogliono mangiare verdure,,0,,0.00,0.00,
bambini che non vogliono piu mangiare,,0,,0.00,0.00,
bambini che non vogliono piu mangiare la pasta,,0,,0.00,0.00,
bambini che non vuole mangiare,,0,,0.00,0.00,
bambini con diarrea che non mangiano,,0,,0.00,0.00,
bambini con febbre che non mangiano,,0,,0.00,0.00,
bambini con stomatite cosa non mangiare,,0,,0.00,0.00,
bambini cosa non mangiare,,0,,0.00,0.00,
bambini cosa non mangiare neonati,,0,,0.00,0.00,
bambini cosa succee se non mangio,,0,,0.00,0.00,
bambini della africa non anno da mangiare,,0,,0.00,0.00,
bambini denti dolore non mangia,,0,,0.00,0.00,
bambini di 1 anno che non mangiano,,0,,0.00,0.00,
bambini di 1 anno che non vogliono mangiare,,0,,0.00,0.00,
bambini di 18 mesi che non mangiano,,0,,0.00,0.00,
bambini di 2 anni che non mangiano,,0,,0.00,0.00,
bambini di 2 anni che non vogliono mangiare,,0,,0.00,0.00,
bambini di 3 anni che non mangiano,,0,,0.00,0.00,
bambini di 4 anni che non mangiano,,0,,0.00,0.00,
bambini di 5 anni che non mangiano,,0,,0.00,0.00,
bambini di 6 anni che non mangiano,,0,,0.00,0.00,
bambini di 7 anni che non mangiano,,0,,0.00,0.00,
bambini di 7 mesi non mangia il latte come fare,,0,,0.00,0.00,
bambini di 8 anni che non mangiano,,0,,0.00,0.00,
bambini di 8 mesi che non mangiano,,0,,0.00,0.00,
bambini di due anni che non mangiano,,0,,0.00,0.00,
bambini di sei anni che non mangia,,0,,0.00,0.00,
bambini di sei anni che non mangiano,,0,,0.00,0.00,
bambini di tre anni che non mangiano,,0,,0.00,0.00,
bambini di un anno che non mangiano,,0,,0.00,0.00,
bambini di un anno che non vogliono mangiare,,0,,0.00,0.00,
bambini diventano irrequieti non mangiano,,0,,0.00,0.00,
bambini dopo flebo non mangiano,,0,,0.00,0.00,
bambini due anni che non mangia la sera,,0,,0.00,0.00,
bambini due anni che non mangiano,,0,,0.00,0.00,
bambini fino a quando non devono mangiare lo zucchero,,0,,0.00,0.00,
bambini he non possono mangiare,,0,,0.00,0.00,
bambini in convalescenza non mangiano,,0,,0.00,0.00,
bambini in vacanza non mangiano,,0,,0.00,0.00,
bambini malati che non mangiano,,0,,0.00,0.00,
bambini malati che non mangiano scheletrici,,0,,0.00,0.00,
bambini mani marmellata anche se non hanno mangiato marmellata,,0,,0.00,0.00,
bambini non devono mangiare a freddo,,0,,0.00,0.00,
bambini non mangia 2 anni,,0,,0.00,0.00,
bambini non mangia mamma,,0,,0.00,0.00,
bambini non mangiano cibi solidi,,0,,0.00,0.00,
bambini non mangiano cosa fare,,0,,0.00,0.00,
bambini non mangiano frutta,,0,,0.00,0.00,
bambini non mangiano in vacanza,,0,,0.00,0.00,
bambini non mangiano linea dura forum,,0,,0.00,0.00,
bambini non mangiano tutto,,0,,0.00,0.00,
bambini non mangiano verdure,,0,,0.00,0.00,
bambini non vanno forzati nel mangiare nel giocare,,0,,0.00,0.00,
bambini non vogliono mangiare,,0,,0.00,0.00,
bambini non vogliono mangiare 4 anni,,0,,0.00,0.00,
bambini percè non mangiano,,0,,0.00,0.00,
bambini pesce non mangia,,0,,0.00,0.00,
bambini piccoli che non mangiano,,0,,0.00,0.00,
bambini piccoli che non mangiano carne,,0,,0.00,0.00,
bambini poveri che non hanno da mangiare,,0,,0.00,0.00,
bambini stranieri non possono mangiare alla festa di paese,,0,,0.00,0.00,
bambini terzo mondo che non mangiano come diventano,,0,,0.00,0.00,
bambini tre anni che non vogliono mangiare,,0,,0.00,0.00,
bambini un anno e mezzo non mangia pasta,,0,,0.00,0.00,
bambini un anno non vogliono mangiare,,0,,0.00,0.00,
bambini vhe non mangiano,,0,,0.00,0.00,
bambini.non.possono.mangiate.miele,,0,,0.00,0.00,
bambiniche non mangiano,,0,,0.00,0.00,
bambino 1 anno con 2 denti non mangia da solo,,0,,0.00,0.00,
bambino 1 anno dopo febbre non mangia,,0,,0.00,0.00,
bambino 1 anno e mezzo non mangia,,0,,0.00,0.00,
bambino 1 anno e mezzo non vuole mangiare,,0,,0.00,0.00,
bambino 1 anno non mangia a pezzetti,,0,,0.00,0.00,
bambino 1 anno non mangia alla sera,,0,,0.00,0.00,
bambino 1 anno non mangia carne,,0,,0.00,0.00,
bambino 1 anno non mangia da solo,,0,,0.00,0.00,
bambino 1 anno non mangia mal di gola,,0,,0.00,0.00,
bambino 1 anno non mangia pasta,,0,,0.00,0.00,
bambino 1 anno non mangia piu,,0,,0.00,0.00,
bambino 1 anno non mangia verdure,,0,,0.00,0.00,
bambino 1 e mezzo muco e non mangia febbre,,0,,0.00,0.00,
bambino 10 mesi non mangia,,0,,0.00,0.00,
bambino 10 mesi non mangia niente,,0,,0.00,0.00,
bambino 10 mesi non vuole mangiare,,0,,0.00,0.00,
bambino 11 mesi non mangia,,0,,0.00,0.00,
bambino 11 mesi non vuole mangiare,,0,,0.00,0.00,
bambino 12 anni non mangia,,0,,0.00,0.00,
bambino 12 mesi non mangia,,0,,0.00,0.00,
bambino 14 mesi all'improvviso non mangia,,0,,0.00,0.00,
bambino 14 mesi ancora non mangia,,0,,0.00,0.00,
bambino 14 mesi non mangia,,0,,0.00,0.00,
bambino 14 mesi non mangia da solo,,0,,0.00,0.00,
bambino 15 mesi non mangia,,0,,0.00,0.00,
bambino 15 mesi non mangia piu,,0,,0.00,0.00,
bambino 15 mesi non vuole mangiare,,0,,0.00,0.00,
bambino 16 mesi non mangia,,0,,0.00,0.00,
bambino 16 mesi non mangia e non cresce,,0,,0.00,0.00,
bambino 17 mesi non mangia,,0,,0.00,0.00,
bambino 17 mesi non vuole mangiare,,0,,0.00,0.00,
bambino 18 mesi non mangia carne,,0,,0.00,0.00,
bambino 18 mesi non mangia da solo,,0,,0.00,0.00,
bambino 18 mesi non mangia dopo febbre alta,,0,,0.00,0.00,
bambino 18 mesi non mangia integratoee,,0,,0.00,0.00,
bambino 18 mesi non mangia pasta,,0,,0.00,0.00,
bambino 18 mesi non mangia verdure,,0,,0.00,0.00,
bambino 18 mesi non vuole mangiare,,0,,0.00,0.00,
bambino 19 mesi non mangia,,0,,0.00,0.00,
bambino 19 mesi non vuole mangiare,,0,,0.00,0.00,
bambino 2 anni e mezzo non mangia,,0,,0.00,0.00,
bambino 2 anni e mezzo non mangia carne,,0,,0.00,0.00,
bambino 2 anni e mezzo non mangia da solo,,0,,0.00,0.00,
bambino 2 anni e mezzo non mangia frutta,,0,,0.00,0.00,
bambino 2 anni e mezzo non vuole mangiare,,0,,0.00,0.00,
bambino 2 anni non mangia carne,,0,,0.00,0.00,
bambino 2 anni non mangia da 2 giorni,,0,,0.00,0.00,
bambino 2 anni non mangia da solo forum,,0,,0.00,0.00,
bambino 2 anni non mangia fratellino,,0,,0.00,0.00,
bambino 2 anni non mangia frutta,,0,,0.00,0.00,
bambino 2 anni non mangia frutta e verdura,,0,,0.00,0.00,
bambino 2 anni non mangia latte,,0,,0.00,0.00,
bambino 2 anni non mangia niente,,0,,0.00,0.00,
bambino 2 anni non mangia piu,,0,,0.00,0.00,
bambino 2 anni non mangia salato,,0,,0.00,0.00,
bambino 2 anni non vuole mangiare,,0,,0.00,0.00,
bambino 2 anni poca febbre e non mangia,,0,,0.00,0.00,
bambino 2 anni prende antibiotico non vuole mangiare,,0,,0.00,0.00,
bambino 20 mesi non mangia,,0,,0.00,0.00,
bambino 20 mesi non mangia e stittico,,0,,0.00,0.00,
bambino 20 mesi non mangia pasta,,0,,0.00,0.00,
bambino 20 mesi non vuole mangia da solo,,0,,0.00,0.00,
bambino 20 mesi non vuole mangiare,,0,,0.00,0.00,
bambino 21 mesi non mangia,,0,,0.00,0.00,
bambino 21 mesi prima mangiava ora non mangia più,,0,,0.00,0.00,
bambino 22 mesi non mangia,,0,,0.00,0.00,
bambino 24 mesi non mangia,,0,,0.00,0.00,
bambino 27 mesi non mangia,,0,,0.00,0.00,
bambino 28 mesi non mangia,,0,,0.00,0.00,
bambino 2anni non mangia,,0,,0.00,0.00,
bambino 2anni non.vuole mangiare proteine,,0,,0.00,0.00,
bambino 3 anni e mezzo non mangia,,0,,0.00,0.00,
bambino 3 anni non mangia cibi solidi,,0,,0.00,0.00,
bambino 3 anni non mangia cose nuove,,0,,0.00,0.00,
bambino 3 anni non mangia frutta,,0,,0.00,0.00,
bambino 3 anni non mangia frutta e verdura,,0,,0.00,0.00,
bambino 3 anni non mangia niente,,0,,0.00,0.00,
bambino 3 anni non vuole mangiare e fare la pipi,,0,,0.00,0.00,
bambino 3 mesi non mangia,,0,,0.00,0.00,
bambino 4 anni che non mangia,,0,,0.00,0.00,
bambino 4 anni non mangia,,0,,0.00,0.00,
bambino 4 anni non mangia conseguenze,,0,,0.00,0.00,
bambino 4 anni non mangia frutta,,0,,0.00,0.00,
bambino 4 anni non mangia latte,,0,,0.00,0.00,
bambino 4 anni non mangia pasta,,0,,0.00,0.00,
bambino 4 anni non mangia paura deglutire,,0,,0.00,0.00,
bambino 4 anni non mangia verdure,,0,,0.00,0.00,
bambino 4 anni non parla non mangia,,0,,0.00,0.00,
bambino 4 anni non vuole mangiare,,0,,0.00,0.00,
bambino 4 anni non vuole mangiare da solo,,0,,0.00,0.00,
bambino 4 anni terzo giorno di febbre non mangia,,0,,0.00,0.00,
bambino 4 mesi non mangia,,0,,0.00,0.00,
bambino 5 anni che non mangia,,0,,0.00,0.00,
bambino 5 anni non mangia,,0,,0.00,0.00,
bambino 5 anni non mangia carne,,0,,0.00,0.00,
bambino 5 anni non mangia dimagrito,,0,,0.00,0.00,
bambino 5 anni non mangia niente,,0,,0.00,0.00,
bambino 5 anni non vuole mangiare,,0,,0.00,0.00,
bambino 5 mesi non mangia,,0,,0.00,0.00,
bambino 6 anni capricci non mangia,,0,,0.00,0.00,
bambino 6 anni che non mangia,,0,,0.00,0.00,
bambino 6 anni mal di testa non mangia perde peso,,0,,0.00,0.00,
bambino 6 anni non mangia,,0,,0.00,0.00,
bambino 6 mesi febbre non mangia,,0,,0.00,0.00,
bambino 6 mesi non mangia,,0,,0.00,0.00,
bambino 6 mesi non mangia le pappe,,0,,0.00,0.00,
bambino 6 mesi non vuole mangiare,,0,,0.00,0.00,
bambino 7 mesi che non mangia,,0,,0.00,0.00,
bambino 7 mesi non mangia,,0,,0.00,0.00,
bambino 7 mesi non mangia in estate,,0,,0.00,0.00,
bambino 7 mesi non mangia pappa,,0,,0.00,0.00,
bambino 7 mesi non vuole mangiare,,0,,0.00,0.00,
bambino 8 9 mesi non mangia,,0,,0.00,0.00,
bambino 8 anni che non mangia verdura,,0,,0.00,0.00,
bambino 8 anni non mangia carne,,0,,0.00,0.00,
bambino 8 mesi non mangia latte,,0,,0.00,0.00,
bambino 8 mesi non mangia non cresce,,0,,0.00,0.00,
bambino 9 anni non mangia,,0,,0.00,0.00,
bambino 9 mesi non mangia,,0,,0.00,0.00,
bambino 9 mesi non mangia solidi,,0,,0.00,0.00,
bambino 9 mesi non vuole mangiare,,0,,0.00,0.00,
bambino 9 mesi raffreddore non mangia,,0,,0.00,0.00,
bambino allattato al seno non mangia,,0,,0.00,0.00,
bambino anni e mezzo non mangia,,0,,0.00,0.00,
bambino antibiotico non mangia,,0,,0.00,0.00,
bambino appena nato non mangia,,0,,0.00,0.00,
bambino aria nella pancia cosa madre non mangiare,,0,,0.00,0.00,
bambino aria nella pancia cosa non mangiare,,0,,0.00,0.00,
bambino autistico non mangia,,0,,0.00,0.00,
bambino autistico non mangia nulla,,0,,0.00,0.00,
bambino autistico non vuole mangiare,,0,,0.00,0.00,
bambino beve ma non fa pipi non mangia e vomita,,0,,0.00,0.00,
bambino catarro non mangia,,0,,0.00,0.00,
bambino celiaco non mangia,,0,,0.00,0.00,
bambino che dopo vieus gastroenterite non mangia,,0,,0.00,0.00,
bambino che improvvisamente non mangia piu,,0,,0.00,0.00,
bambino che non mangia 3 anni,,0,,0.00,0.00,
bambino che non mangia a scuola,,0,,0.00,0.00,
bambino che non mangia al nido,,0,,0.00,0.00,
bambino che non mangia all& 39,,0,,0.00,0.00,
bambino che non mangia all'asilo,,0,,0.00,0.00,
bambino che non mangia ancora da solo,,0,,0.00,0.00,
bambino che non mangia animali,,0,,0.00,0.00,
bambino che non mangia carne,,0,,0.00,0.00,
bambino che non mangia carne da piccolo,,0,,0.00,0.00,
bambino che non mangia cause,,0,,0.00,0.00,
bambino che non mangia chiude bocca,,0,,0.00,0.00,
bambino che non mangia cibi solidi,,0,,0.00,0.00,
bambino che non mangia coi genitori,,0,,0.00,0.00,
bambino che non mangia conseguenze,,0,,0.00,0.00,
bambino che non mangia da 10 giorni,,0,,0.00,0.00,
bambino che non mangia da 4 giorni,,0,,0.00,0.00,
bambino che non mangia da 4 giorni dopo influenza,,0,,0.00,0.00,
bambino che non mangia da solo,,0,,0.00,0.00,
bambino che non mangia dopo febbre,,0,,0.00,0.00,
bambino che non mangia dopo gastroenterite,,0,,0.00,0.00,
bambino che non mangia frutta,,0,,0.00,0.00,
bambino che non mangia frutta e verdura,,0,,0.00,0.00,
bambino che non mangia improvvisamente,,0,,0.00,0.00,
bambino che non mangia improvvisamente 4 ann9,,0,,0.00,0.00,
bambino che non mangia influenza,,0,,0.00,0.00,
bambino che non mangia la carne,,0,,0.00,0.00,
bambino che non mangia montessori,,0,,0.00,0.00,
bambino che non mangia niente,,0,,0.00,0.00,
bambino che non mangia nulla,,0,,0.00,0.00,
bambino che non mangia omeopatia,,0,,0.00,0.00,
bambino che non mangia pasta,,0,,0.00,0.00,
bambino che non mangia perché,,0,,0.00,0.00,
bambino che non mangia più,,0,,0.00,0.00,
bambino che non mangia psicologia,,0,,0.00,0.00,
bambino che non mangia verdura,,0,,0.00,0.00,
bambino che non mangia verdure,,0,,0.00,0.00,
bambino che non mangia verdure a frutta,,0,,0.00,0.00,
bambino che non riesce a mangiare carne a pezzetti piccoli,,0,,0.00,0.00,
bambino che non vuol mangiare omeopatia,,0,,0.00,0.00,
bambino che non vuole mangiare a scuola,,0,,0.00,0.00,
bambino che non vuole mangiare all& 39,,0,,0.00,0.00,
bambino che non vuole mangiare animali,,0,,0.00,0.00,
bambino che non vuole mangiare carne,,0,,0.00,0.00,
bambino che non vuole mangiare cartone,,0,,0.00,0.00,
bambino che non vuole mangiare cause,,0,,0.00,0.00,
bambino che non vuole mangiare da colorare,,0,,0.00,0.00,
bambino che non vuole mangiare disegno,,0,,0.00,0.00,
bambino che non vuole mangiare gli animali,,0,,0.00,0.00,
bambino che non vuole mangiare la carne,,0,,0.00,0.00,
bambino che non vuole mangiare la pasta,,0,,0.00,0.00,
bambino che non vuole mangiare lasciarlo a mensa,,0,,0.00,0.00,
bambino che non vuole mangiare latte o yogurt,,0,,0.00,0.00,
bambino che non vuole mangiare verdure,,0,,0.00,0.00,
bambino che non vuole più mangiare,,0,,0.00,0.00,
bambino con braccioli che non riesce a mangiare la banana,,0,,0.00,0.00,
bambino con braccioli non riesce a mangiare gelato,,0,,0.00,0.00,
bambino con bronchite non mangia,,0,,0.00,0.00,
bambino con catarro non mangia,,0,,0.00,0.00,
bambino con covid non mangia,,0,,0.00,0.00,
bambino con febbre che non mangia,,0,,0.00,0.00,
bambino con la febbre non mangia,,0,,0.00,0.00,
bambino con mal di pancia stanco non mangia,,0,,0.00,0.00,
bambino con non vuole mangiare assulatamente,,0,,0.00,0.00,
bambino con raffreddore non mangia,,0,,0.00,0.00,
bambino con tosse non mangia,,0,,0.00,0.00,
bambino cosa usare per non mangiarsi le unghie,,0,,0.00,0.00,
bambino da 2 giorni non mangia,,0,,0.00,0.00,
bambino da quando va all'asilo non mangia e non dorme,,0,,0.00,0.00,
bambino dentibu non mangia cosa fare,,0,,0.00,0.00,
bambino dermatite atopica cosa non mangiare,,0,,0.00,0.00,
bambino di 1 anno che non mangia,,0,,0.00,0.00,
bambino di 1 anno non mangia dopo il vaccino cause,,0,,0.00,0.00,
bambino di 1 anno non vuole mangiare,,0,,0.00,0.00,
bambino di 10 mesi che non mangia,,0,,0.00,0.00,
bambino di 10 mesi che non vuole mangiare,,0,,0.00,0.00,
bambino di 10 mesi non mangia,,0,,0.00,0.00,
bambino di 11 anni che non mangia,,0,,0.00,0.00,
bambino di 11 anni non vuole mangiare,,0,,0.00,0.00,
bambino di 11 mesi che non mangia,,0,,0.00,0.00,
bambino di 11 mesi non mangia,,0,,0.00,0.00,
bambino di 12 mesi che non mangia,,0,,0.00,0.00,
bambino di 12 mesi non mangia,,0,,0.00,0.00,
bambino di 14 mesi che non mangia,,0,,0.00,0.00,
bambino di 14 mesi non mangia,,0,,0.00,0.00,
bambino di 16 mesi che non mangia,,0,,0.00,0.00,
bambino di 17 mesi che non mangia,,0,,0.00,0.00,
bambino di 17 mesi non mangia,,0,,0.00,0.00,
bambino di 18 mesi che non mangia,,0,,0.00,0.00,
bambino di 18 mesi che non vuole mangiare,,0,,0.00,0.00,
bambino di 18 mesi non vuole mangiare,,0,,0.00,0.00,
bambino di 19 mesi che non mangia,,0,,0.00,0.00,
bambino di 19 mesi non mangia,,0,,0.00,0.00,
bambino di 2 anni che non mangia,,0,,0.00,0.00,
bambino di 2 anni che non vuole mangiare,,0,,0.00,0.00,
bambino di 2 anni e mezzo che non vuole mangiare,,0,,0.00,0.00,
bambino di 2 anni non mangia da solo,,0,,0.00,0.00,
bambino di 2 anni non vuole mangiare,,0,,0.00,0.00,
bambino di 2 anni non vuole mangiare da solo,,0,,0.00,0.00,
bambino di 2 anni raffreddore preche non mangia,,0,,0.00,0.00,
bambino di 20 mesi che non mangia,,0,,0.00,0.00,
bambino di 21 mesi che non mangia,,0,,0.00,0.00,
bambino di 21 mesi non vuole mangiare,,0,,0.00,0.00,
bambino di 29 mesi che non mangia il pasta,,0,,0.00,0.00,
bambino di 3 anni che non mangia,,0,,0.00,0.00,
bambino di 3 anni che non vuole mangia da solo,,0,,0.00,0.00,
bambino di 3 anni che non vuole mangiare,,0,,0.00,0.00,
bambino di 3 anni non mangia,,0,,0.00,0.00,
bambino di 3 anni non mangia con la tosse,,0,,0.00,0.00,
bambino di 3 anni non vuole mangiare,,0,,0.00,0.00,
bambino di 3 mesi non mangia,,0,,0.00,0.00,
bambino di 3 mesi non si sveglia per mangiare,,0,,0.00,0.00,
bambino di 4 anni che non mangia,,0,,0.00,0.00,
bambino di 4 anni non mangia,,0,,0.00,0.00,
bambino di 4 anni non mangia da solo,,0,,0.00,0.00,
bambino di 4 anni non mangia la carne,,0,,0.00,0.00,
bambino di 5 anni che non mangia,,0,,0.00,0.00,
bambino di 5 anni che non vuole mangia da solo,,0,,0.00,0.00,
bambino di 5 anni che non vuole più mangiare,,0,,0.00,0.00,
bambino di 5 anni non mangia,,0,,0.00,0.00,
bambino di 6 mesi non vuole mangiare,,0,,0.00,0.00,
bambino di 7 anni che non mangia,,0,,0.00,0.00,
bambino di 7 mesi che non mangia,,0,,0.00,0.00,
bambino di 8 anni che non mangia,,0,,0.00,0.00,
bambino di 8 anni che non vuoke mangiare,,0,,0.00,0.00,
bambino di 8 anni non mangia carne né pesce,,0,,0.00,0.00,
bambino di 8 mesi che non mangia,,0,,0.00,0.00,
bambino di 9 anni che non mangia,,0,,0.00,0.00,
bambino di 9 mesi che non mangia,,0,,0.00,0.00,
bambino di 9 mesi che non vuole mangiare,,0,,0.00,0.00,
bambino di due anni che mangia tanto e non ingrassare,,0,,0.00,0.00,
bambino di due anni che non mangia,,0,,0.00,0.00,
bambino di due anni che non mangia da solo,,0,,0.00,0.00,
bambino di due anni che non vuole mangiare,,0,,0.00,0.00,
bambino di due anni e mezzo che non mangia,,0,,0.00,0.00,
bambino di due anni non mangia,,0,,0.00,0.00,
bambino di nove anni che non mangia,,0,,0.00,0.00,
bambino di nove anni non mangia frutta ne verdure,,0,,0.00,0.00,
bambino di nove mesi che non ama mangiare le merende,,0,,0.00,0.00,
bambino di sei anni che non mangia,,0,,0.00,0.00,
bambino di sei mesi che non mangia,,0,,0.00,0.00,
bambino di sette anni non mangia frutta,,0,,0.00,0.00,
bambino di tre anni che non mangia,,0,,0.00,0.00,
bambino di tre anni che non mangia carne,,0,,0.00,0.00,
bambino di tre anni che non mangia da solo,,0,,0.00,0.00,
bambino di tre anni che non vuole mangiare,,0,,0.00,0.00,
bambino di tre anni non mangia,,0,,0.00,0.00,
bambino di tre anni non mangia cosa fare,,0,,0.00,0.00,
bambino di un anno che non mangia,,0,,0.00,0.00,
bambino di un anno che non mangiano,,0,,0.00,0.00,
bambino di un anno e mezzo che non mangia,,0,,0.00,0.00,
bambino di un anno non vuole mangiare,,0,,0.00,0.00,
bambino di un'anno che non vuole mangiare,,0,,0.00,0.00,
bambino di un'anno e mezzo che non mangia,,0,,0.00,0.00,
bambino di una anno e mezzo non mangia,,0,,0.00,0.00,
bambino diarrea non mangia,,0,,0.00,0.00,
bambino dieci mesi urla e non mangia,,0,,0.00,0.00,
bambino dopo influenza non mangia,,0,,0.00,0.00,
bambino dopo vomito non mangia,,0,,0.00,0.00,
bambino due anni e mezzo che non mang,,0,,0.00,0.00,
bambino due anni non mangia,,0,,0.00,0.00,
bambino due anni non mangia ai pasti,,0,,0.00,0.00,
bambino due anni non mangia ai pasti vuole lattw,,0,,0.00,0.00,
bambino due anni non mangia carne,,0,,0.00,0.00,
bambino due anni non mangia piu,,0,,0.00,0.00,
bambino due anni non mangia verdure,,0,,0.00,0.00,
bambino due anni non vuole mangiare,,0,,0.00,0.00,
bambino fastidio naso non mangia,,0,,0.00,0.00,
bambino gastroenterite non mangia,,0,,0.00,0.00,
bambino ha fame ma non mangia,,0,,0.00,0.00,
bambino ha paura di non mangiare,,0,,0.00,0.00,
bambino indebolito e non mangia,,0,,0.00,0.00,
bambino influenzato non mangia,,0,,0.00,0.00,
bambino mal di denti non mangia,,0,,0.00,0.00,
bambino mal di gola non mangia,,0,,0.00,0.00,
bambino malato che non mangia,,0,,0.00,0.00,
bambino malato non mangia,,0,,0.00,0.00,
bambino mangia ma non prende peso forum,,0,,0.00,0.00,
bambino mangia mandarino e non dorme,,0,,0.00,0.00,
bambino nella pancia non mangia,,0,,0.00,0.00,
bambino nero non vuole mangiare video,,0,,0.00,0.00,
bambino non apre la bocca per mangiare,,0,,0.00,0.00,
bambino non autonomo nel mangiare per mancinismo,,0,,0.00,0.00,
bambino non autonomo nel mangiare per mancinismo indeciso,,0,,0.00,0.00,
bambino non dorme vuol mangiare,,0,,0.00,0.00,
bambino non dorme vuole mangiare,,0,,0.00,0.00,
bambino non ha da mangiare a mensa,,0,,0.00,0.00,
bambino non mangia a 16 mesi e fa lebizze,,0,,0.00,0.00,
bambino non mangia a cena,,0,,0.00,0.00,
bambino non mangia a mensa,,0,,0.00,0.00,
bambino non mangia a mensa autonomie a scuola,,0,,0.00,0.00,
bambino non mangia a mensa soluzioni a scuola,,0,,0.00,0.00,
bambino non mangia a scuola,,0,,0.00,0.00,
bambino non mangia a tavola,,0,,0.00,0.00,
bambino non mangia all asilo nido,,0,,0.00,0.00,
bambino non mangia all& 39,,0,,0.00,0.00,
bambino non mangia all'asilo,,0,,0.00,0.00,
bambino non mangia all'asilo nido,,0,,0.00,0.00,
bambino non mangia asilo,,0,,0.00,0.00,
bambino non mangia asilo nido,,0,,0.00,0.00,
bambino non mangia cacca chiara,,0,,0.00,0.00,
bambino non mangia carne,,0,,0.00,0.00,
bambino non mangia carne e pesce,,0,,0.00,0.00,
bambino non mangia carne e pesce 8 annie,,0,,0.00,0.00,
bambino non mangia cibi solidi,,0,,0.00,0.00,
bambino non mangia col papa,,0,,0.00,0.00,
bambino non mangia con la mamma,,0,,0.00,0.00,
bambino non mangia cosa fare,,0,,0.00,0.00,
bambino non mangia da 2 giorni,,0,,0.00,0.00,
bambino non mangia da 4 giorni,,0,,0.00,0.00,
bambino non mangia da due giorni,,0,,0.00,0.00,
bambino non mangia da solo,,0,,0.00,0.00,
bambino non mangia denti,,0,,0.00,0.00,
bambino non mangia dentizione,,0,,0.00,0.00,
bambino non mangia dopo botte della mamma,,0,,0.00,0.00,
bambino non mangia dopo gastroenterite,,0,,0.00,0.00,
bambino non mangia dopo influenza,,0,,0.00,0.00,
bambino non mangia dopo vomito,,0,,0.00,0.00,
bambino non mangia e non beve,,0,,0.00,0.00,
bambino non mangia e vomita,,0,,0.00,0.00,
bambino non mangia fa capricci,,0,,0.00,0.00,
bambino non mangia febbre,,0,,0.00,0.00,
bambino non mangia formaggio,,0,,0.00,0.00,
bambino non mangia frutta,,0,,0.00,0.00,
bambino non mangia frutta e verdura,,0,,0.00,0.00,
bambino non mangia fuori casa,,0,,0.00,0.00,
bambino non mangia gelato,,0,,0.00,0.00,
bambino non mangia i legumi,,0,,0.00,0.00,
bambino non mangia in vacanza,,0,,0.00,0.00,
bambino non mangia integratori,,0,,0.00,0.00,
bambino non mangia la carne,,0,,0.00,0.00,
bambino non mangia la frutta,,0,,0.00,0.00,
bambino non mangia la pappa,,0,,0.00,0.00,
bambino non mangia latte,,0,,0.00,0.00,
bambino non mangia le verdure,,0,,0.00,0.00,
bambino non mangia mai il secondo,,0,,0.00,0.00,
bambino non mangia mamma picchia l orso,,0,,0.00,0.00,
bambino non mangia mastica piano,,0,,0.00,0.00,
bambino non mangia medicitalia,,0,,0.00,0.00,
bambino non mangia mette mangiare di lato,,0,,0.00,0.00,
bambino non mangia minestra,,0,,0.00,0.00,
bambino non mangia minestrina,,0,,0.00,0.00,
bambino non mangia motivi,,0,,0.00,0.00,
bambino non mangia niente,,0,,0.00,0.00,
bambino non mangia niente di solido,,0,,0.00,0.00,
bambino non mangia niente e non cresce,,0,,0.00,0.00,
bambino non mangia nulla,,0,,0.00,0.00,
bambino non mangia occhi gonfi,,0,,0.00,0.00,
bambino non mangia pappa,,0,,0.00,0.00,
bambino non mangia pasta,,0,,0.00,0.00,
bambino non mangia patologie,,0,,0.00,0.00,
bambino non mangia peluche,,0,,0.00,0.00,
bambino non mangia per paura di soffocare,,0,,0.00,0.00,
bambino non mangia per paura di vomitare,,0,,0.00,0.00,
bambino non mangia per un trauma,,0,,0.00,0.00,
bambino non mangia perche,,0,,0.00,0.00,
bambino non mangia perché,,0,,0.00,0.00,
bambino non mangia pesce,,0,,0.00,0.00,
bambino non mangia picchia pupazzo,,0,,0.00,0.00,
bambino non mangia piu,,0,,0.00,0.00,
bambino non mangia piu a mensa,,0,,0.00,0.00,
bambino non mangia piu frutta svezzamento,,0,,0.00,0.00,
bambino non mangia più,,0,,0.00,0.00,
bambino non mangia più la frutta,,0,,0.00,0.00,
bambino non mangia più pasta,,0,,0.00,0.00,
bambino non mangia pomodoro,,0,,0.00,0.00,
bambino non mangia proteine,,0,,0.00,0.00,
bambino non mangia sempre uguale,,0,,0.00,0.00,
bambino non mangia svezzamento,,0,,0.00,0.00,
bambino non mangia tosse,,0,,0.00,0.00,
bambino non mangia uova,,0,,0.00,0.00,
bambino non mangia uovo,,0,,0.00,0.00,
bambino non mangia verdure,,0,,0.00,0.00,
bambino non mangia vomita,,0,,0.00,0.00,
bambino non mi mangia torrent,,0,,0.00,0.00,
bambino non va di corpo sopo aver mangiato noccioli olive,,0,,0.00,0.00,
bambino non vuole mangiare a 5 anni,,0,,0.00,0.00,
bambino non vuole mangiare a tavola,,0,,0.00,0.00,
bambino non vuole mangiare all& 39,,0,,0.00,0.00,
bambino non vuole mangiare all'asilo,,0,,0.00,0.00,
bambino non vuole mangiare ambola,,0,,0.00,0.00,
bambino non vuole mangiare animali,,0,,0.00,0.00,
bambino non vuole mangiare carne,,0,,0.00,0.00,
bambino non vuole mangiare cibi nuovi,,0,,0.00,0.00,
bambino non vuole mangiare cosa fare,,0,,0.00,0.00,
bambino non vuole mangiare da solo,,0,,0.00,0.00,
bambino non vuole mangiare dopo antibiotico,,0,,0.00,0.00,
bambino non vuole mangiare frutta,,0,,0.00,0.00,
bambino non vuole mangiare il polipo,,0,,0.00,0.00,
bambino non vuole mangiare la pappa,,0,,0.00,0.00,
bambino non vuole mangiare la pasta,,0,,0.00,0.00,
bambino non vuole mangiare la sera,,0,,0.00,0.00,
bambino non vuole mangiare le verdure,,0,,0.00,0.00,
bambino non vuole mangiare mamma picchia,,0,,0.00,0.00,
bambino non vuole mangiare mamma picchia pupazzo,,0,,0.00,0.00,
bambino non vuole mangiare nel seggiolone,,0,,0.00,0.00,
bambino non vuole mangiare niente piu,,0,,0.00,0.00,
bambino non vuole mangiare pappa,,0,,0.00,0.00,
bambino non vuole mangiare papà picchia pupazzo,,0,,0.00,0.00,
bambino non vuole mangiare pasta,,0,,0.00,0.00,
bambino non vuole mangiare polpo,,0,,0.00,0.00,
bambino non vuole mangiare pupazzo,,0,,0.00,0.00,
bambino non vuole mangiare seduto,,0,,0.00,0.00,
bambino non vuole mangiare topolino,,0,,0.00,0.00,
bambino non vuole mangiare vuoledormire,,0,,0.00,0.00,
bambino non vuole piu mangiare,,0,,0.00,0.00,
bambino non.mangia e ha brividi,,0,,0.00,0.00,
bambino non.mangia secondo,,0,,0.00,0.00,
bambino nove mesi non mangia,,0,,0.00,0.00,
bambino otto mesi non mangia,,0,,0.00,0.00,
bambino pancia gonfia non mangia,,0,,0.00,0.00,
bambino piange e non mangia,,0,,0.00,0.00,
bambino piccolo che non vuole mangiare,,0,,0.00,0.00,
bambino piccolo che non vuole mangiare paperissima,,0,,0.00,0.00,
bambino poccia continua e non.mangia,,0,,0.00,0.00,
bambino prematuro non mangia,,0,,0.00,0.00,
bambino raffreddato non mangia,,0,,0.00,0.00,
bambino raffreddore non mangia,,0,,0.00,0.00,
bambino raffreddore preche non mangia,,0,,0.00,0.00,
bambino sedici mesi afte in bocca non mangia,,0,,0.00,0.00,
bambino sei mesi non mangia,,0,,0.00,0.00,
bambino svezzamento non mangia,,0,,0.00,0.00,
bambino svezzamento non mangia il latte,,0,,0.00,0.00,
bambino traumatizzata che non mangia,,0,,0.00,0.00,
bambino tre anni non mangia,,0,,0.00,0.00,
bambino tre anni non mangia niente,,0,,0.00,0.00,
bambino un anno che non mangia,,0,,0.00,0.00,
bambino un anno e mezzo non mangia,,0,,0.00,0.00,
bambino un anno non mangia da 2 giorni,,0,,0.00,0.00,
bambino un anno non mangia piu,,0,,0.00,0.00,
bambino un anno non vuole mangiare,,0,,0.00,0.00,
bambino un giorno che non mangia,,0,,0.00,0.00,
bambino vomita e non mangia,,0,,0.00,0.00,
bambino vomita e non mangia senza febbre,,0,,0.00,0.00,
bambino.9 anni non.mangia,,0,,0.00,0.00,
bambino.non mangia ma e attivo,,0,,0.00,0.00,
bambino.vorus.vomito.diarea non mangia.piu,,0,,0.00,0.00,
bambole con filastrocca non mangiate le unghie bambini,,0,,0.00,0.00,
barzelletta e bambino che non mangia,,0,,0.00,0.00,
bergamo il comune non da da mangiare ai bambini,,0,,0.00,0.00,
bergamo non danno da mangiare ai bambini,,0,,0.00,0.00,
bisogna preoccuparsi se un bambino dopo l'influenza non mangia,,0,,0.00,0.00,
blob bambina che non mangia carne,,0,,0.00,0.00,
blob bambina che non mangia carne programma blob raitre,,0,,0.00,0.00,
bocca mani piedi il bambino non mangia cosa fare,,0,,0.00,0.00,
botte a bambini se non mangiano,,0,,0.00,0.00,
bronchite bambino non mangia,,0,,0.00,0.00,
broncopolmonite virale bambini cosa non possono mangiare,,0,,0.00,0.00,
caldo bambino non mangia,,0,,0.00,0.00,
cannavacciuolo bambino che non vuole mangiare verdure,,0,,0.00,0.00,
canzoni per bambini non c e piu da mangare,,0,,0.00,0.00,
carlos gonzales il mio bambino non mi mangia,,0,,0.00,0.00,
carlos gonzalez il mio bambino non mi mangia,,0,,0.00,0.00,
carlos gonzalez il mio bambino non mi mangia opinioni,,0,,0.00,0.00,
carlos gonzález il mio bambino non mi mangia,,0,,0.00,0.00,
carlos gonzález il mio bambino non mi mangia epub,,0,,0.00,0.00,
cartello per bambini non dare da mangiare agli animali,,0,,0.00,0.00,
che cosa fare quando il bambino non mangia,,0,,0.00,0.00,
che fare quando i bambini non mangiano,,0,,0.00,0.00,
che formaggi non possojo mangiare i bambini,,0,,0.00,0.00,
che formaggi non possono mangiare i bambini,,0,,0.00,0.00,
che frutta non puo mangiare un bambino,,0,,0.00,0.00,
che significa quando i bambini non vogliono piu mangiare,,0,,0.00,0.00,
chi non mangia più verdure canzoni per bambini,,0,,0.00,0.00,
ci sono cibi che un bambino iperattivo non può mangiare,,0,,0.00,0.00,
cibi che i bambini non devono mangiare,,0,,0.00,0.00,
cibi che i bambini non possono mangiare,,0,,0.00,0.00,
clipart bambino che non vuole mangiare,,0,,0.00,0.00,
colazione per bambini che non mangiano,,0,,0.00,0.00,
come comportarsi con un bambino di 1 anno se non.mangia,,0,,0.00,0.00,
come comporyarsi se il bambino non vuole mangiare,,0,,0.00,0.00,
come convincere i bambini a non mangiare carne,,0,,0.00,0.00,
come far mangiare bambini che non vogliono,,0,,0.00,0.00,
come far mangiare i bambini che non mangiano,,0,,0.00,0.00,
come far mangiare un bambino che non vuole,,0,,0.00,0.00,
come far mangiare un bambino che non vuole mangiare,,0,,0.00,0.00,
come fare con i bambini che non mangiano,,0,,0.00,0.00,
come fare non notare al bambino che mangia verdure,,0,,0.00,0.00,
come fare quando bambino non mangia,,0,,0.00,0.00,
come fare quando i bambini non mangiano,,0,,0.00,0.00,
come fare se bambina di 19 mesi non mangia,,0,,0.00,0.00,
come imbroglare a mangiare i bambini che non vogliono mangiare,,0,,0.00,0.00,
come non far mangiare la sabbia ai bambini,,0,,0.00,0.00,
come non mangiarsi le unghie bambini,,0,,0.00,0.00,
come regolare mangiare dei bambini che non basta mai,,0,,0.00,0.00,
consigli alimentari bambini che non mangiano,,0,,0.00,0.00,
consigli dell'opsicologo se un bambino non mangia,,0,,0.00,0.00,
consigli per bambini che non mangiano,,0,,0.00,0.00,
consulto per bambino che non mangia,,0,,0.00,0.00,
cosa bisogna guardare quando i bambini non mangiano,,0,,0.00,0.00,
cosa cucinare ad un bambino sovrappeso che non mangia verdure,,0,,0.00,0.00,
cosa dare a un bambino che non mangia,,0,,0.00,0.00,
cosa dare ai bambini che non mangiano,,0,,0.00,0.00,
cosa dare ai bambini che non vogliono mangiare,,0,,0.00,0.00,
cosa far mangiare ai bambini x non igrassare,,0,,0.00,0.00,
cosa fare con i bambini che non mangiano,,0,,0.00,0.00,
cosa fare mangiare ad una bambina che non vuole carne,,0,,0.00,0.00,
cosa fare mangiare bambino che non vuole,,0,,0.00,0.00,
cosa fare quando bambino non vuole mangiare,,0,,0.00,0.00,
cosa fare quando i bambini non vogliono mangiare,,0,,0.00,0.00,
cosa fare quando il bambino attira l'attenzione non mangiando,,0,,0.00,0.00,
cosa fare quando il bambino non mangia,,0,,0.00,0.00,
cosa fare quando il bambino non mangia yahoo,,0,,0.00,0.00,
cosa fare quando il bambino non vuole mangiare,,0,,0.00,0.00,
cosa fare quando il bambino non vuole mangiare la pappa,,0,,0.00,0.00,
cosa fare quando un bambino non mangia,,0,,0.00,0.00,
cosa fare quando un bambino non vuole mangiare,,0,,0.00,0.00,
cosa fare se bambino non mangia,,0,,0.00,0.00,
cosa fare se i bambini non mangiano,,0,,0.00,0.00,
cosa fare se i bambini non vogliono mangiare,,0,,0.00,0.00,
cosa fare se il bambino non mangia la frutta,,0,,0.00,0.00,
cosa fare se il bambino non mangia la pappa,,0,,0.00,0.00,
cosa fare se il bambino non mangia la pastina,,0,,0.00,0.00,
cosa fare se il bambino non mangia la verdura,,0,,0.00,0.00,
cosa fare se il bambino non mangia le pappe,,0,,0.00,0.00,
cosa fare se il bambino non vuole mangiare,,0,,0.00,0.00,
cosa fare se il bambino non vuole mangiare all& 39,,0,,0.00,0.00,
cosa fare se un bambino non mangia,,0,,0.00,0.00,
cosa fare se un bambino non vuole mangiare all asilo,,0,,0.00,0.00,
cosa fare se un bambino non vuole mangiare all& 39,,0,,0.00,0.00,
cosa fare se un bambino non vuole mangiare all'asilo,,0,,0.00,0.00,
cosa fate sr bambino 3 anni non mangia,,0,,0.00,0.00,
cosa mangiare se il bambino non va in bagno,,0,,0.00,0.00,
cosa mettere ai bambini sulle unghie per non mangiarle,,0,,0.00,0.00,
cosa non dare da mangiare ai bambini,,0,,0.00,0.00,
cosa non deve mangiare un bambino celiaco,,0,,0.00,0.00,
cosa non deve mangiare un bambino con colite,,0,,0.00,0.00,
cosa non deve mangiare un bambino di 1 anno,,0,,0.00,0.00,
cosa non deve mangiare un bambino di 2 anni,,0,,0.00,0.00,
cosa non deve mangiare un bambino di un anno,,0,,0.00,0.00,
cosa non devono mangiare i bambini,,0,,0.00,0.00,
cosa non devono mangiare i bambini buddisti,,0,,0.00,0.00,
cosa non devono mangiare i bambini per non ingrassare,,0,,0.00,0.00,
cosa non far mangiare ai bambini con cistite,,0,,0.00,0.00,
cosa non mangiare con acetone bambini,,0,,0.00,0.00,
cosa non mangiare con acetone bambini e orzo,,0,,0.00,0.00,
cosa non mangiare con antibiotico bambini,,0,,0.00,0.00,
cosa non mangiare contro la stitichezza bambini,,0,,0.00,0.00,
cosa non mangiare qaundo si cerca un bambino,,0,,0.00,0.00,
cosa non mangiare se i bambini sono in dissenteria,,0,,0.00,0.00,
cosa non possono mangiare i bambini che hanno la gastroenterite,,0,,0.00,0.00,
cosa non possono mangiare i bambini con le placche,,0,,0.00,0.00,
cosa non possono mangiare i bambini di 1 anno,,0,,0.00,0.00,
cosa non possono mangiare i bambini di 3 anni,,0,,0.00,0.00,
cosa non puo mangiare bambino con trapianto midollo,,0,,0.00,0.00,
cosa non può mangiare un bambino di 2 anni,,0,,0.00,0.00,
cosa po esere bambina non mangia e vomita,,0,,0.00,0.00,
cosa si puo fare quando i bambini non vogliono mangiare,,0,,0.00,0.00,
cosa significa quando un bambino di 9 mesi non mangia,,0,,0.00,0.00,
cosa succede ai bambini che non mangiano frutta e verdura,,0,,0.00,0.00,
cosa succede al corpo se non mangiamo vitamine bambini,,0,,0.00,0.00,
cosa succede se i bambini non mangiano frutta e verdura,,0,,0.00,0.00,
cosa succede se il bambino di 1 anno non mangia,,0,,0.00,0.00,
cosa succede se non mangiamo vitamine spieghiamolo ai bambini,,0,,0.00,0.00,
cosa succede se un bambino di 5 anni non mangia,,0,,0.00,0.00,
cosa succede se un bambino non mangia,,0,,0.00,0.00,
cose da non mangiare per dimagrire per bambini,,0,,0.00,0.00,
covid bambini non mangiano,,0,,0.00,0.00,
covid bambino non mangia,,0,,0.00,0.00,
crema per.non farsi mangiare.dita bambini,,0,,0.00,0.00,
cucciolo pastore tedesco non mangia omogenizzati poer bambini,,0,,0.00,0.00,
da cosa può dipendere che un bambino non vuole mangiare,,0,,0.00,0.00,
diarrea bambini cosa non mangiare,,0,,0.00,0.00,
dire bambini.non mangio.carne,,0,,0.00,0.00,
disegni di bambini che non mangiano,,0,,0.00,0.00,
disegni oer bambini quando si mangia non si parla,,0,,0.00,0.00,
disegno bambina che non vuole mangiare la mela,,0,,0.00,0.00,
disegno bambino che non mangia,,0,,0.00,0.00,
disegno bambino che non mangia e mamma arrabbiata,,0,,0.00,0.00,
disegno da colorare bambina che non vuole mangiare,,0,,0.00,0.00,
disegno da colorare bambina che non vuole mangiare la mela,,0,,0.00,0.00,
dopo aver vomitao bambino non vuol mangiare,,0,,0.00,0.00,
dopo cinque giirni dal vaccino esavalente la bambina non mangia,,0,,0.00,0.00,
dopo nido bambino non mangia,,0,,0.00,0.00,
dopo tolte tonsille bambina non mangia,,0,,0.00,0.00,
e possibile che il bambino non mangia in scuola,,0,,0.00,0.00,
eboo bambini che non mangiano,,0,,0.00,0.00,
esami per bambini che non mangiano,,0,,0.00,0.00,
esperienze di bambini che non mangiano,,0,,0.00,0.00,
estate bambino non mangia,,0,,0.00,0.00,
estratto il mio bambino non mi mangia,,0,,0.00,0.00,
far giocare i bambini perchè non vogliono mangiare è giusto,,0,,0.00,0.00,
faringite bambini non mangiare,,0,,0.00,0.00,
favole per bambini che non vogliono mangiare,,0,,0.00,0.00,
febbre a 39 non mangia ma beve bambino 20 mesi,,0,,0.00,0.00,
febbre alta bambino non mangia,,0,,0.00,0.00,
film netflix bambina che non mangia,,0,,0.00,0.00,
filmato bambino che non vuole mangiare pupazzo,,0,,0.00,0.00,
filmato bambino che non vuole mangiare pupazzo youtube,,0,,0.00,0.00,
fino a.che età i bambini.non possono mangiare lo zucchero,,0,,0.00,0.00,
fiori di bach per bambini che non mangiano,,0,,0.00,0.00,
flebo bambini che non mangiano,,0,,0.00,0.00,
formaggi a latte crudo che non possono mangiare i bambini,,0,,0.00,0.00,
formaggi che i bambini non possono mangiare,,0,,0.00,0.00,
formaggi che non possono mangiare i bambini,,0,,0.00,0.00,
formaggio che non possono mangiare i bambini,,0,,0.00,0.00,
gastroenterite bambini non mangiano,,0,,0.00,0.00,
gastroenterite bambino non mangia,,0,,0.00,0.00,
giorgia bambina che non puo mangiare,,0,,0.00,0.00,
gli animali non si mangiano libro bambini,,0,,0.00,0.00,
gonzales il mio bambino non mi mangia,,0,,0.00,0.00,
gonzalez il mio bambino non mi mangia,,0,,0.00,0.00,
gonzalez il mio bambino non mi mangia pdf,,0,,0.00,0.00,
gonzález bambino non mi mangia epub,,0,,0.00,0.00,
gravidanza perdo il bambino se non mangio,,0,,0.00,0.00,
grugliasco maestra non fa mangiare bambino,,0,,0.00,0.00,
http it.ewrite.us come-reagire-quando-il-bambino-piccolo-non-mangia-87351.html,,0,,0.00,0.00,
i bambini autistici che non mangiano,,0,,0.00,0.00,
i bambini autistici non mangiano,,0,,0.00,0.00,
i bambini che che non mangiano,,0,,0.00,0.00,
i bambini che che non mangiano nelle mense,,0,,0.00,0.00,
i bambini che non mangiano,,0,,0.00,0.00,
i bambini non devo mangiare come gli adulti,,0,,0.00,0.00,
i bambini non devo mangiare come gli adulti focus,,0,,0.00,0.00,
i bambini non devo mangiare come gli adulti lifegate,,0,,0.00,0.00,
i bambini non mangiano,,0,,0.00,0.00,
i bambini non mangiano frutta,,0,,0.00,0.00,
i bambini non mangiano i monopattini,,0,,0.00,0.00,
i bambini non mangiano i monpattini,,0,,0.00,0.00,
i bambini non mangiano le verdure,,0,,0.00,0.00,
i bambini non vogliono mangiare,,0,,0.00,0.00,
i bambini possono non mangiare carne,,0,,0.00,0.00,
i goblin non mangiano i bambini,,0,,0.00,0.00,
i motivi per cui un bambino non mangia,,0,,0.00,0.00,
il bambino 10 mesi mangia ma non cresce,,0,,0.00,0.00,
il bambino 4 anni non mangia cosa fare,,0,,0.00,0.00,
il bambino che ciondola non parla e mangia solo latte,,0,,0.00,0.00,
il bambino che non mangia,,0,,0.00,0.00,
il bambino che non voleva mangiare la minestra,,0,,0.00,0.00,
il bambino che non voleva mangiare la minestra riassunto,,0,,0.00,0.00,
il bambino che non vuole mangiare,,0,,0.00,0.00,
il bambino che non vuole mangiare gli animali,,0,,0.00,0.00,
il bambino di sei mesi non mangia,,0,,0.00,0.00,
il bambino disabile imparare a mangiare non in maniera vorace,,0,,0.00,0.00,
il bambino ha latosse e non mangia,,0,,0.00,0.00,
il bambino mangia al nido ma non a casa,,0,,0.00,0.00,
il bambino mangia ma non cresce,,0,,0.00,0.00,
il bambino non mangia,,0,,0.00,0.00,
il bambino non mangia all& 39,,0,,0.00,0.00,
il bambino non mangia cibi solidi site salute.gov.it,,0,,0.00,0.00,
il bambino non mangia cosa fare,,0,,0.00,0.00,
il bambino non mangia da solo,,0,,0.00,0.00,
il bambino non mangia e malato,,0,,0.00,0.00,
il bambino non mangia frutta e verdura 6 anni,,0,,0.00,0.00,
il bambino non mangia ha tutti bollicini,,0,,0.00,0.00,
il bambino non mangia il latte matterno,,0,,0.00,0.00,
il bambino non mangia la frutta,,0,,0.00,0.00,
il bambino non mangia la pappa,,0,,0.00,0.00,
il bambino non mangia la pasta,,0,,0.00,0.00,
il bambino non mangia niente,,0,,0.00,0.00,
il bambino non mangia piu il latte,,0,,0.00,0.00,
il bambino non mi mangia,,0,,0.00,0.00,
il bambino non mi mangia la verdura,,0,,0.00,0.00,
il bambino non riesce a deglutire e vomita se mangia,,0,,0.00,0.00,
il bambino non riesce a mangiare per i denti,,0,,0.00,0.00,
il bambino non vuole mangiare,,0,,0.00,0.00,
il bambino non vuole mangiare le sue pappe,,0,,0.00,0.00,
il bambino non vuole mangiare svezzamento,,0,,0.00,0.00,
il bambino quando si muove non gli piace il mangiare,,0,,0.00,0.00,
il gigante che non mangiava i.bambini,,0,,0.00,0.00,
il lupo che non mangia i bambini,,0,,0.00,0.00,
il mio bambini non mi mangia,,0,,0.00,0.00,
il mio bambino 16 mesi non vuole mangiare,,0,,0.00,0.00,
il mio bambino di 3 anni non mangia,,0,,0.00,0.00,
il mio bambino di 3 mesi non mangia,,0,,0.00,0.00,
il mio bambino di 9 mesi non mangia,,0,,0.00,0.00,
il mio bambino di due anni non mangia,,0,,0.00,0.00,
il mio bambino di quasi quattro mesi non vuole mangiare,,0,,0.00,0.00,
il mio bambino di un anno non mangia,,0,,0.00,0.00,
il mio bambino non mangia,,0,,0.00,0.00,
il mio bambino non mangia carlos gonzales,,0,,0.00,0.00,
il mio bambino non mangia carne,,0,,0.00,0.00,
il mio bambino non mangia con me,,0,,0.00,0.00,
il mio bambino non mangia gonzales,,0,,0.00,0.00,
il mio bambino non mangia la frutta,,0,,0.00,0.00,
il mio bambino non mangia la frutta svezzamento,,0,,0.00,0.00,
il mio bambino non mangia la pasta,,0,,0.00,0.00,
il mio bambino non mangia la pastina,,0,,0.00,0.00,
il mio bambino non mangia la prima pappa,,0,,0.00,0.00,
il mio bambino non mangia le pappe,,0,,0.00,0.00,
il mio bambino non mangia libro,,0,,0.00,0.00,
il mio bambino non mangia niente,,0,,0.00,0.00,
il mio bambino non mangia per i denti,,0,,0.00,0.00,
il mio bambino non mangia più,,0,,0.00,0.00,
il mio bambino non mi mangia amazon,,0,,0.00,0.00,
il mio bambino non mi mangia carlos gonzales,,0,,0.00,0.00,
il mio bambino non mi mangia cosa devo fare,,0,,0.00,0.00,
il mio bambino non mi mangia di carlos gonzales,,0,,0.00,0.00,
il mio bambino non mi mangia di gonzales,,0,,0.00,0.00,
il mio bambino non mi mangia download,,0,,0.00,0.00,
il mio bambino non mi mangia ebook,,0,,0.00,0.00,
il mio bambino non mi mangia ebook gratis,,0,,0.00,0.00,
il mio bambino non mi mangia ebook torrent,,0,,0.00,0.00,
il mio bambino non mi mangia epub,,0,,0.00,0.00,
il mio bambino non mi mangia epub download,,0,,0.00,0.00,
il mio bambino non mi mangia feltrinelli,,0,,0.00,0.00,
il mio bambino non mi mangia free download,,0,,0.00,0.00,
il mio bambino non mi mangia gonzales,,0,,0.00,0.00,
il mio bambino non mi mangia gonzalez,,0,,0.00,0.00,
il mio bambino non mi mangia gratis,,0,,0.00,0.00,
il mio bambino non mi mangia kindle,,0,,0.00,0.00,
il mio bambino non mi mangia opinioni,,0,,0.00,0.00,
il mio bambino non mi mangia pdf,,0,,0.00,0.00,
il mio bambino non mi mangia pdf gratis,,0,,0.00,0.00,
il mio bambino non mi mangia psicologia,,0,,0.00,0.00,
il mio bambino non mi mangia recensione,,0,,0.00,0.00,
il mio bambino non mi mangia riassunto,,0,,0.00,0.00,
il mio bambino non mi mangia torrent,,0,,0.00,0.00,
il reflusso porta il bambino a non mangiare,,0,,0.00,0.00,
il tuo bambino non mangia,,0,,0.00,0.00,
il tuo bambino non mangia forse è stanco,,0,,0.00,0.00,
il.com bambino non mangia,,0,,0.00,0.00,
immagini di bambini che non mangiano,,0,,0.00,0.00,
in bambino che non vuole mangiare,,0,,0.00,0.00,
influenza bambini non mangia,,0,,0.00,0.00,
influenza bambini non mangiano,,0,,0.00,0.00,
influenza bambino non mangia,,0,,0.00,0.00,
influenza del momento il bambino non vuole mangiare,,0,,0.00,0.00,
instinto di soprravvivenza del bambino di non mangiare cose sconosciut,,0,,0.00,0.00,
integratore per bambini che non mangiano,,0,,0.00,0.00,
integratore per bambino che non mangia,,0,,0.00,0.00,
integratore proteico per bambini che non mangiano carne,,0,,0.00,0.00,
integratore vitamine bambini non mangiano verdure,,0,,0.00,0.00,
integratore x bambini.che non.mangiano.frutta e verdura,,0,,0.00,0.00,
integratori di proteine per bambini 4 anni che non mangia,,0,,0.00,0.00,
integratori per bambini che non mangiano frutta e verdura,,0,,0.00,0.00,
integratori per bambini che non mangiano latte,,0,,0.00,0.00,
integratori per bambini che non mangiano verdura,,0,,0.00,0.00,
io non mangio animali bambina,,0,,0.00,0.00,
l mio bambino non si mangia gonzales,,0,,0.00,0.00,
l orco che non mangiava i bambini,,0,,0.00,0.00,
l'orco che non mangiava i bambini trama,,0,,0.00,0.00,
l'orco che non mangiava i bambini trama completa,,0,,0.00,0.00,
la bambina che non ha mai mangiato zuccheri,,0,,0.00,0.00,
la bambina che non mangia,,0,,0.00,0.00,
la bambina che non mangia verona,,0,,0.00,0.00,
la bambina che non mangia zuccheri,,0,,0.00,0.00,
la bambina che non vuole mangiare animali,,0,,0.00,0.00,
la bambina che è morta perchè non mangiava,,0,,0.00,0.00,
la bambina non mangia al nido,,0,,0.00,0.00,
la bambina non mangia all'asilo,,0,,0.00,0.00,
la bambina non mangia il latte in polvere,,0,,0.00,0.00,
la bambina non mangia poco,,0,,0.00,0.00,
la bambina non mangia poco i denti,,0,,0.00,0.00,
la forma sintattica usata in il bambino non mi mangia,,0,,0.00,0.00,
la l casa delle bambine che non mangiano,,0,,0.00,0.00,
la mia bambina beve tanta acqua e non mangia,,0,,0.00,0.00,
la mia bambina di un anno non vuole mangiare,,0,,0.00,0.00,
la mia bambina mangia e non ingrassa,,0,,0.00,0.00,
la mia bambina non mangia più la pappa,,0,,0.00,0.00,
la mia bambina non vuole mangiare,,0,,0.00,0.00,
la storia del bambino che non voleva mangiare,,0,,0.00,0.00,
la storia del bambino che non voleva mangiare la minestra,,0,,0.00,0.00,
lamaestralinda.blogspot.it bambino che non mangia,,0,,0.00,0.00,
legge sui bambini che non mangiano a scuola,,0,,0.00,0.00,
leggere non nasce nei bambini come mangiare,,0,,0.00,0.00,
legumi nei bambini e se non li mangiano,,0,,0.00,0.00,
libri bambini che non mangiano,,0,,0.00,0.00,
libri per bambini che non mangiano,,0,,0.00,0.00,
libri per bambini che non vogliono mangiare,,0,,0.00,0.00,
libri per bambini non mangiare le unghie,,0,,0.00,0.00,
libro coccodrillo che non mangia bambini,,0,,0.00,0.00,
libro il gigante che non mangiava i.bambini,,0,,0.00,0.00,
libro il mio bambino non mangia,,0,,0.00,0.00,
libro il mio bambino non mi mangia,,0,,0.00,0.00,
libro non mangiare le.ungjie bambina,,0,,0.00,0.00,
ma se a qualche bambino non mangiasse,,0,,0.00,0.00,
mal di gamba destra bambino non mangia,,0,,0.00,0.00,
mal di gola bambini non mangia,,0,,0.00,0.00,
mal di gola nei bambini piccoli e non mangia,,0,,0.00,0.00,
mani bocca piedi bambino non mangia,,0,,0.00,0.00,
medicitalia bambino mesi non mangia,,0,,0.00,0.00,
meme bambino che non mangia,,0,,0.00,0.00,
menu dieta bambini che non mangiano le verdure,,0,,0.00,0.00,
menu sano x bambini che non mangiano verdure,,0,,0.00,0.00,
milano un bambino su dieci non mangia,,0,,0.00,0.00,
mio bambino non mangia,,0,,0.00,0.00,
mio bambino non mi mangia,,0,,0.00,0.00,
mononucleosi bambini non mangiano,,0,,0.00,0.00,
motivi per cui i bambini non mangiano,,0,,0.00,0.00,
motivi per cui una bambina non mangia,,0,,0.00,0.00,
non dare da mangiare ai bambini,,0,,0.00,0.00,
non far mangiare carne ai bambini,,0,,0.00,0.00,
non far mangiare mitili e crostacei a bambini,,0,,0.00,0.00,
non forzare i bambini a mangiare,,0,,0.00,0.00,
non mangia bambina dentini,,0,,0.00,0.00,
non mangia bambino analisi,,0,,0.00,0.00,
non mangia niente consigli pratici per il bambino inappetente,,0,,0.00,0.00,
non mangia pasta bambini 20 mesi,,0,,0.00,0.00,
non mangiare carne bambini nutrizionista,,0,,0.00,0.00,
non mangiate le unghie bambini fanno male al pancino,,0,,0.00,0.00,
non mangio frutta cosa succede al mio bambino,,0,,0.00,0.00,
non mangio ma ti faccio mangiare indovinelli per bambini,,0,,0.00,0.00,
non mangio ma ti faccio mangiare indovinello bambini,,0,,0.00,0.00,
non offrire ai bambini doni in cambio di mangiare,,0,,0.00,0.00,
non offrire ai bambini doni per mangiare,,0,,0.00,0.00,
non offrire ai bambini regali per mangiare,,0,,0.00,0.00,
non preoccuparsi se i bambini non mangiano verdure da piccoli,,0,,0.00,0.00,
non sono un mostro che mangia bambini,,0,,0.00,0.00,
non voglio mangiare libri bambini,,0,,0.00,0.00,
non voler mangiare nei bambini,,0,,0.00,0.00,
non voler mangiare nei bambini di sei anni,,0,,0.00,0.00,
nutrizionista per bambini che non mangiano,,0,,0.00,0.00,
oddio i bambini non mangiano,,0,,0.00,0.00,
ortografia italiana per bambini il gato non mangio,,0,,0.00,0.00,
ortografia italiana per bambini il gatto non mangio,,0,,0.00,0.00,
otite bambino non mangia,,0,,0.00,0.00,
otite catarrale acuta bambini non mangia non beve,,0,,0.00,0.00,
pane cotto per bambini che non mangiano,,0,,0.00,0.00,
pane cotto per i bambini che non mangiano,,0,,0.00,0.00,
pappa reale bambino 1 anno che non vuole mangiare,,0,,0.00,0.00,
pappa reale per bambini che non mangiano,,0,,0.00,0.00,
pasqua non mangiate agnelli mangiate bambini,,0,,0.00,0.00,
pasta bambini che non mangiano vitamina,,0,,0.00,0.00,
peeche i bambini non possono mangiare le olive,,0,,0.00,0.00,
per non far mangiare i bambini,,0,,0.00,0.00,
per non far mangiare le unghie ai bambini,,0,,0.00,0.00,
perche alcuni bambini non mangiano,,0,,0.00,0.00,
perche bambini di 22 mesi non mangiano,,0,,0.00,0.00,
perche bambini non mangiano,,0,,0.00,0.00,
perche bambino 15 mesi non mangia,,0,,0.00,0.00,
perche bambino 3 anni non vuole mangiare da solo,,0,,0.00,0.00,
perche bambino 8 mesi non mangia pappa,,0,,0.00,0.00,
perche bambino ha 2 anni mezzo non mangia,,0,,0.00,0.00,
perche bambino non mangia,,0,,0.00,0.00,
perche i bambini che non.mangiano hanno la pancia grossa,,0,,0.00,0.00,
perche i bambini non devono mangiare la carne,,0,,0.00,0.00,
perche i bambini non mangiano,,0,,0.00,0.00,
perche i bambini non mangiano con la mamma,,0,,0.00,0.00,
perche i bambini non mangiano frutta e verdura,,0,,0.00,0.00,
perche i bambini non mangiano i biscotti rotti,,0,,0.00,0.00,
perche i bambini non mangiano la frutta,,0,,0.00,0.00,
perche i bambini non possono mangiare cioccolato,,0,,0.00,0.00,
perche i bambini non possono mangiare formaggi a latte crudo,,0,,0.00,0.00,
perche i bambini non possono mangiare funghi,,0,,0.00,0.00,
perche i bambini non possono mangiare il miele,,0,,0.00,0.00,
perche i bambini non possono mangiare le caramelle fisherman,,0,,0.00,0.00,
perche i bambini non possono mangiare sale,,0,,0.00,0.00,
perche i bambini non possono mangiare zuccheri,,0,,0.00,0.00,
perche i bambini non possono mangiere le patate,,0,,0.00,0.00,
perche i bambini non vogliono mangiare,,0,,0.00,0.00,
perche i bambini non vogliono mangiare la frutta mangiare,,0,,0.00,0.00,
perche il bambino beve tanto e non mangia,,0,,0.00,0.00,
perche il bambino non mangia con nessuno,,0,,0.00,0.00,
perche il bambino non vuole mangiare,,0,,0.00,0.00,
perche il bambino sei anni non mangia,,0,,0.00,0.00,
perche un bambino autistico non mangia a scuola,,0,,0.00,0.00,
perche un bambino di 2 anni non mangia,,0,,0.00,0.00,
perche un bambino di 3 anni non mangia,,0,,0.00,0.00,
perche una bambina non vuole mangiare,,0,,0.00,0.00,
perche.un bambino non mangia,,0,,0.00,0.00,
perchè alcuni bambini non mangiano,,0,,0.00,0.00,
perchè alcuni bambini non voglioono mangiare nessun tipo di frutta,,0,,0.00,0.00,
perchè i bambini autistici non mangiano la pasta,,0,,0.00,0.00,
perchè i bambini non mangiano all& 39,,0,,0.00,0.00,
perchè i bambini non mangiano all'asilo,,0,,0.00,0.00,
perchè i bambini non mangiano allasilo,,0,,0.00,0.00,
perchè i bambini non mangiano verdure,,0,,0.00,0.00,
perchè i bambini non vogliono mangiare a scuola,,0,,0.00,0.00,
perchè il bambino non mangia,,0,,0.00,0.00,
perchè il bambino non mangia carne,,0,,0.00,0.00,
perchè non mangia un bambino di 4 anni autistico,,0,,0.00,0.00,
perchè un bambino non mangia,,0,,0.00,0.00,
perché bambini fino 2 anni non possono mangiare sale,,0,,0.00,0.00,
perché bambini non possono mangiare formaggio morbida,,0,,0.00,0.00,
perché bambini non possono mangiare fotmaggi morbida,,0,,0.00,0.00,
perché bambini non possono mangiare frutta secca,,0,,0.00,0.00,
perché bambino 9 mesi non mangia la papoa,,0,,0.00,0.00,
perché i bambini non mangiano i biscotti rotti,,0,,0.00,0.00,
perché i bambini non mangiano tutti gli alimenti,,0,,0.00,0.00,
perché i bambini non mangiano verdure,,0,,0.00,0.00,
perché i bambini non possono mangiare miele,,0,,0.00,0.00,
perché i bambini non vogliono mangiare la verdura,,0,,0.00,0.00,
perché il bambino non mangia,,0,,0.00,0.00,
perché il bambino non vuole mangiare,,0,,0.00,0.00,
perché mamma si esaurisce se bambino non mangia,,0,,0.00,0.00,
perché non dobbiamo mangiare dalle posate dei bambini,,0,,0.00,0.00,
perché un bambino non mangia,,0,,0.00,0.00,
perché un bambino non mangia o mangia troppo,,0,,0.00,0.00,
perché un bambino non vuole mangiare,,0,,0.00,0.00,
perchéun bambino non mangia piu,,0,,0.00,0.00,
piatti per bambini che non mangiano,,0,,0.00,0.00,
primo giorno bambino non mangia,,0,,0.00,0.00,
problema con.bambini che mangiano cose che non.devono,,0,,0.00,0.00,
prodotti per non far mangiare le unghie ai bambini,,0,,0.00,0.00,
prodotto per bambini per non mangiarsi le unghie,,0,,0.00,0.00,
psicologia per bambini che non mangiano,,0,,0.00,0.00,
punire i bambini che non mangiano,,0,,0.00,0.00,
punizione bambini non mangia,,0,,0.00,0.00,
punture per bambini che non mangiano,,0,,0.00,0.00,
puo accadere che bambini non mangiano,,0,,0.00,0.00,
qando il bambino non mangia dolci,,0,,0.00,0.00,
qando il bambino non mangia dolci autismo,,0,,0.00,0.00,
quale formaggio non possono mangiare i bambini,,0,,0.00,0.00,
quali cibi non possono mangiare i bambini quando prendono antibiotico,,0,,0.00,0.00,
quali formaggi a latte crudo non possono mangiare i bambini,,0,,0.00,0.00,
quali formaggi non devono mangiare i bambini,,0,,0.00,0.00,
quali integratori dare ai bambini che non mangiano,,0,,0.00,0.00,
quali sono i formaggi che i bambini non possono mangiare,,0,,0.00,0.00,
quali sono i formaggi che non possono mangiare i bambini,,0,,0.00,0.00,
quali spezie non possono mangiare i bambini,,0,,0.00,0.00,
quandfo bambina non vuole mangiare+,,0,,0.00,0.00,
quando i bambini a 6 anni non vogliono mangiare,,0,,0.00,0.00,
quando i bambini autististi non mangia,,0,,0.00,0.00,
quando i bambini di 16 mesi non mangiano,,0,,0.00,0.00,
quando i bambini mettono l'ossatura non mangiano,,0,,0.00,0.00,
quando i bambini non mangiano,,0,,0.00,0.00,
quando i bambini non mangiano cosa fare,,0,,0.00,0.00,
quando i bambini non mangiano la frutta,,0,,0.00,0.00,
quando i bambini non vogliono mangiare ma prima mangiava tanto,,0,,0.00,0.00,
quando i bambini non vogliono mangiare ma prims mangiavano tanto,,0,,0.00,0.00,
quando i bambini sono rafreddati non mangiano,,0,,0.00,0.00,
quando il bambino autistico non vuole mangiare,,0,,0.00,0.00,
quando il bambino e sottopeso e non mangia,,0,,0.00,0.00,
quando il bambino non mangia,,0,,0.00,0.00,
quando il bambino non mangia dentro la placenta,,0,,0.00,0.00,
quando il bambino non vuole mangiare,,0,,0.00,0.00,
quando picchiano la testa non far mangiare molto i bambini,,0,,0.00,0.00,
quando preoccuparsi se un bambino non mangia,,0,,0.00,0.00,
quando un anziano non vuole mangiare e diventa bambino,,0,,0.00,0.00,
quando un bambino non mangia,,0,,0.00,0.00,
quando un bambino non mangia e vomita,,0,,0.00,0.00,
quando un bambino non vuole mangiare,,0,,0.00,0.00,
quando una bambina di 9 anni non mangia,,0,,0.00,0.00,
quando una bambina non mangia,,0,,0.00,0.00,
quando una bambina non vuole mangiare,,0,,0.00,0.00,
racconto di un bambino che non vuole mangiare le verdure,,0,,0.00,0.00,
recensione l'orco che non mangiava i bambini,,0,,0.00,0.00,
recensione l'orco che non mangiava i bambini trama,,0,,0.00,0.00,
reflusso bambini cosa non mangiare,,0,,0.00,0.00,
reflusso bambino non mangia,,0,,0.00,0.00,
riceta per bambini che non mangiano,,0,,0.00,0.00,
ricette bambina 11 mesi che non mangia,,0,,0.00,0.00,
ricette bambini che non mangiano,,0,,0.00,0.00,
ricette bambini che non mangiano verdure,,0,,0.00,0.00,
ricette per bambini 2 anni che non vogliono mangiare,,0,,0.00,0.00,
ricette per bambini che non mangiano,,0,,0.00,0.00,
ricette per bambini che non mangiano a pezzi,,0,,0.00,0.00,
ricette per bambini che non mangiano carne,,0,,0.00,0.00,
ricette per bambini che non mangiano frutta,,0,,0.00,0.00,
ricette per bambini che non mangiano frutta con imaggine,,0,,0.00,0.00,
ricette per bambini che non mangiano frutta con immagine,,0,,0.00,0.00,
ricette per bambini che non vogliono mangiare,,0,,0.00,0.00,
ricette per bambini che non vogliono mangiare le verdure,,0,,0.00,0.00,
ricette per bambini di 3 anni che non amano mangiare,,0,,0.00,0.00,
ricette per bambini piccoli che non mangiano,,0,,0.00,0.00,
rimedi naturali per non mangiarsi le unghie bambini,,0,,0.00,0.00,
rimedi per non far mangiare le unghie ai bambini,,0,,0.00,0.00,
rischi del bambini che non mangiano,,0,,0.00,0.00,
risolvere problemi intestinali bambini che non mangiano verdura,,0,,0.00,0.00,
ruolo insegnante in mensa bambino non mangia carne,,0,,0.00,0.00,
salmone affumicato per i bambini che non mangiano molto,,0,,0.00,0.00,
scuola cornigliano bambino non mangia,,0,,0.00,0.00,
se al bambino non mangia,,0,,0.00,0.00,
se al bambino non mangia le pere,,0,,0.00,0.00,
se bambino non vuole mangiare,,0,,0.00,0.00,
se bambino non vuole mangiare 7 anni,,0,,0.00,0.00,
se i bambini non mangiano,,0,,0.00,0.00,
se i bambini non mangiano all'asilo,,0,,0.00,0.00,
se i bambini non mangiano la pasta,,0,,0.00,0.00,
se i bambini non mangiano la pasta possono essere celiaci,,0,,0.00,0.00,
se i bambini non mangiano niente regali meme papa,,0,,0.00,0.00,
se i bambini non mangiano verdure,,0,,0.00,0.00,
se i bambini non vogliono mangiare,,0,,0.00,0.00,
se il bambino al nido non mangia,,0,,0.00,0.00,
se il bambino al nido non mangia l eeducatrici,,0,,0.00,0.00,
se il bambino autistico non vuole mangiare,,0,,0.00,0.00,
se il bambino di due anni non vuole mangiare,,0,,0.00,0.00,
se il bambino non mangia,,0,,0.00,0.00,
se il bambino non mangia a cena,,0,,0.00,0.00,
se il bambino non mangia a scuola,,0,,0.00,0.00,
se il bambino non mangia all asilo,,0,,0.00,0.00,
se il bambino non mangia all& 39,,0,,0.00,0.00,
se il bambino non mangia all'asilo,,0,,0.00,0.00,
se il bambino non mangia cosa fare,,0,,0.00,0.00,
se il bambino non mangia frutta e verdura,,0,,0.00,0.00,
se il bambino non mangia il latte,,0,,0.00,0.00,
se il bambino non mangia insistrere,,0,,0.00,0.00,
se il bambino non mangia la carne,,0,,0.00,0.00,
se il bambino non mangia la carne ed e autistico,,0,,0.00,0.00,
se il bambino non mangia la frutta,,0,,0.00,0.00,
se il bambino non mangia la pappa,,0,,0.00,0.00,
se il bambino non mangia la pasta,,0,,0.00,0.00,
se il bambino non mangia la prima pappa,,0,,0.00,0.00,
se il bambino non mangia perché è stanco,,0,,0.00,0.00,
se il bambino non mangia se non a casa,,0,,0.00,0.00,
se il bambino non mangia tutta la pappa,,0,,0.00,0.00,
se il bambino non mangia verdura,,0,,0.00,0.00,
se il bambino non vuole mangiare,,0,,0.00,0.00,
se il bambino non vuole mangiare all asilo,,0,,0.00,0.00,
se il bambino non vuole mangiare all& 39,,0,,0.00,0.00,
se il bambino non vuole mangiare all'asilo,,0,,0.00,0.00,
se il bambino non vuole mangiare libri,,0,,0.00,0.00,
se il bambino non vuole mangiare svezzamento,,0,,0.00,0.00,
se il.bambino non mangia nello svezzamento,,0,,0.00,0.00,
se non mangio in gravidanza il bambino si muove poco,,0,,0.00,0.00,
se non mangio posso perdere il bambino,,0,,0.00,0.00,
se un bambino di 10 anni non mangia,,0,,0.00,0.00,
se un bambino non mangia,,0,,0.00,0.00,
se un bambino non mangia cosa fare,,0,,0.00,0.00,
se un bambino non vuole mangiare,,0,,0.00,0.00,
sei bambini non usufruiscono della mensapossono portarsi da mangiare,,0,,0.00,0.00,
si mangia non si mangia per bambini,,0,,0.00,0.00,
sims 4 bambini non mangiano,,0,,0.00,0.00,
sindaco non fa mangiare bambina,,0,,0.00,0.00,
sindrome dei bambini che mangiano tanto e non camminano,,0,,0.00,0.00,
sindrome dei bambini ke mangiano tanto e non camminano,,0,,0.00,0.00,
smalto per bambini per non mangiare unghie,,0,,0.00,0.00,
smalto per bambini per non mangiarsi unghie,,0,,0.00,0.00,
smalto per non far mangiare unghie bambini,,0,,0.00,0.00,
smalto per non mangiare unghie bambini,,0,,0.00,0.00,
smalto per non mangiarsi le unghie per bambini,,0,,0.00,0.00,
sognare bambino che non mangia,,0,,0.00,0.00,
sognare di non dare da mangiare ad un bambino,,0,,0.00,0.00,
sono incinta non mangio frutta cosa succede al mio bambino,,0,,0.00,0.00,
sportello telematico mio figlio non mangia bambin gesù,,0,,0.00,0.00,
stitichezza bambini cosa non mangiare,,0,,0.00,0.00,
stomatite bambino non mangia,,0,,0.00,0.00,
storia del bambino che non mangia e che sparisce,,0,,0.00,0.00,
storia del bambino che non voleva mangiare la minestra,,0,,0.00,0.00,
storia di un bambino che non mangiava mai,,0,,0.00,0.00,
storia di un bambino che non voleva mangiare,,0,,0.00,0.00,
storia per bambini lele non vuole mangiare,,0,,0.00,0.00,
storie per bambini che non vogliono mangiare,,0,,0.00,0.00,
storielle su bambini che non vogliono mangiare,,0,,0.00,0.00,
svezzamemto bambino non mangia e non beve,,0,,0.00,0.00,
svezzamento bambini che non mangiano,,0,,0.00,0.00,
svezzamento bambini che non mangiano pasta,,0,,0.00,0.00,
svezzamento bambino 9 mesi non mangia e non beve,,0,,0.00,0.00,
svezzamento bambino che non mangia le pappe,,0,,0.00,0.00,
svezzamento bambino non vuole mangiare,,0,,0.00,0.00,
svezzamento il bambino non mangia,,0,,0.00,0.00,
svezzamento il mio bambino non mangia,,0,,0.00,0.00,
svezzamento quando il bambino non mangia,,0,,0.00,0.00,
svezzamento se il bambino non vuole mangiare,,0,,0.00,0.00,
svezzamento.a 5 mesi il bambino non.mangia,,0,,0.00,0.00,
tata lucia bambini non mangiano,,0,,0.00,0.00,
telefonata finta per bambini che non vogliono mangiare,,0,,0.00,0.00,
tik tok bambino che non vuole mangiare,,0,,0.00,0.00,
tntforum il mio bambino non mi mangia,,0,,0.00,0.00,
tonsillite bambino non mangia,,0,,0.00,0.00,
tosse bambino non mangia,,0,,0.00,0.00,
tutto un tratto bambino non vuole mangiare,,0,,0.00,0.00,
un bambino non vuole mangiare cause,,0,,0.00,0.00,
un bambino può non mangiare carne,,0,,0.00,0.00,
un milione e mezzo di.bambini che non mangiano,,0,,0.00,0.00,
uopa bambini che.non vogliono mangiare,,0,,0.00,0.00,
uppa bambini.che non mangiano,,0,,0.00,0.00,
uppa bambino non mangia,,0,,0.00,0.00,
vaccinazioni bambini cosa non mangiare,,0,,0.00,0.00,
vaccino meningite bambino non mangia,,0,,0.00,0.00,
verona bambina che non mangia,,0,,0.00,0.00,
verona bambina non mangia perchè povera,,0,,0.00,0.00,
verona la bambina che non mangia,,0,,0.00,0.00,
video bambina che non mangia carne perché sono animali,,0,,0.00,0.00,
video bambina che non vuole mangiare animali,,0,,0.00,0.00,
video bambina che non vuole mangiare gli animali,,0,,0.00,0.00,
video bambina che non vuole mangiare la carne,,0,,0.00,0.00,
video bambini che non vogliono mangiare,,0,,0.00,0.00,
video bambino che non mangia piu a mensa,,0,,0.00,0.00,
video bambino che non vuole mangiare,,0,,0.00,0.00,
video bambino che non vuole mangiare animali,,0,,0.00,0.00,
video bambino che non vuole mangiare il polpo,,0,,0.00,0.00,
video bambino che non vuole mangiare la carne,,0,,0.00,0.00,
video bambino che non vuole mangiare topolino,,0,,0.00,0.00,
video bambino non mangia polpo,,0,,0.00,0.00,
video bambino non vuole mangiare,,0,,0.00,0.00,
video bambino vhe non vuole mangiare,,0,,0.00,0.00,
video che non mangia il.bambino,,0,,0.00,0.00,
video della bambina che non vuole mangiare carne,,0,,0.00,0.00,
video della bambina che non vuole mangiare la carne,,0,,0.00,0.00,
video della bambina che non vuole mangiare più carne,,0,,0.00,0.00,
video di punture su bambiniche non mangiano,,0,,0.00,0.00,
video divertente bambino che non vuole mangiare,,0,,0.00,0.00,
video mamma che non dà da mangiare alla bambina,,0,,0.00,0.00,
video su bambini che non vogliono mangiare,,0,,0.00,0.00,
video x bambini che non mangiano,,0,,0.00,0.00,
vieta ai bambini non italiani di mangiare frittelle,,0,,0.00,0.00,
virus bambini meglio non mangiare,,0,,0.00,0.00,
virus gastro intestinale bambino non mangia,,0,,0.00,0.00,
virus intestinale bambina 2 anni non vuole mangiare,,0,,0.00,0.00,
virus intestinale bambino non mangia,,0,,0.00,0.00,
visita bambin gesu non mangia bambina,,0,,0.00,0.00,
visita neuropsichiatrica bambini perche non mangia,,0,,0.00,0.00,
vitamine bambini non mangiano frutta e verdura,,0,,0.00,0.00,
vitamine per bambini che non mangiano frutta,,0,,0.00,0.00,
vitamine per bambini che non mangiano verdure,,0,,0.00,0.00,
vomito bambino non mangia,,0,,0.00,0.00,
xche i bambini sotto.l anno.non possono.mangiare miele,,0,,0.00,0.00,
xche i bambini.piccoli.non possono.mangiare miele,,0,,0.00,0.00,
xche un bambino non mangia e viso bianco,,0,,0.00,0.00,
youtube bambina che non vuole mangiare carne,,0,,0.00,0.00,
youtube bambina che non.mangia carne,,0,,0.00,0.00,
youyibr bambina che non.mangia carme,,0,,0.00,0.00,
zio lupo libro che non mangia la bambina,,0,,0.00,0.00,
è giusto obbligareun bambino a mangiare qualcosa che non piace,,0,,0.00,0.00,
è giusto punire i bambini se non mangiano,,0,,0.00,0.00,
è normale che i bambini non mangiano,,0,,0.00,0.00,
