Keyword,Intent,Volume,Potential Traffic,Personal Keyword Difficulty,Keyword Difficulty,CPC (GBP),Competitive Density,SERP Features,Positions
best vegetable soup ever no kidding,,50,,,,0.00,0.33,,
vegetables for kids,,40,,,,0.00,0.00,,
best vegetable soup ever no kidding bbc good food,,20,,,,0.00,0.33,,
best vegetable soup ever no kidding slow cooker,,20,,,,0.00,0.33,,
hidden vegetable recipes for kids,,20,,,,0.00,0.00,,
how to hide vegetables for kids,,20,,,,0.00,0.00,,
vegetable muffins for kids,,20,,,,0.00,0.00,,
vegetable pasta sauce for kids,,20,,,,0.00,0.00,,
vegetable recipes for kids,,20,,,,0.00,0.00,,
best vegetable soup ever no kidding vegetarian,,10,,,,0.00,0.33,,
best vegetables for kids,,10,,,,0.00,0.00,,
fruits and vegetables for kids,,10,,,,0.00,0.00,,
healthy meals for kids who don't like vegetables,,10,,,,0.00,0.00,,
hidden vegetable meals for kids,,10,,,,0.00,0.00,,
how to get kids to eat vegetables,,10,,,,0.00,0.00,,
how to get vegetables into kids,,10,,,,0.00,0.00,,
how to hide fruits and vegetables in kids food,,10,,,,0.00,0.00,,
kids meals with vegetables,,10,,,,0.00,0.00,,
kids vegetable garden,,10,,,,0.00,0.00,,
kids vegetable growing kit,,10,,,,0.00,0.00,,
kids vegetable pasta sauce,,10,,,,0.00,0.00,,
kids vegetable patch,,10,,,,0.00,0.00,,
kids vegetables,,10,,,,0.00,0.00,,
meals with vegetables for kids,,10,,,,0.00,0.00,,
recipes to hide vegetables for kids,,10,,,,0.00,0.00,,
recipes with hidden vegetables for kids,,10,,,,0.00,0.00,,
subway vegetable kids meal,,10,,,,0.00,0.00,,
talking vegetables kids show,,10,,,,0.00,0.00,,
top 15 kid-friendly vegetables recipes,,10,,,,0.00,0.00,,
vegetable curry for kids,,10,,,,0.00,0.00,,
vegetable garden activity kids,,10,,,,0.00,0.00,,
vegetable ideas for kids,,10,,,,0.00,0.00,,
vegetable jokes for kids,,10,,,,0.00,0.00,,
vegetable meals for kids,,10,,,,0.00,0.00,,
vegetable nuggets for kids,,10,,,,0.00,0.00,,
vegetable powder for kids,,10,,,,0.00,0.00,,
vegetable smoothies for kids,,10,,,,0.00,0.00,,
vegetable snacks for kids,,10,,,,0.00,0.00,,
vegetable song for kids,,10,,,,0.00,0.00,,
vegetable sticks for kids,,10,,,,0.00,0.00,,
vegetable supplement for kids,,10,,,,0.00,0.00,,
vegetables kids will eat,,10,,,,0.00,0.00,,
why do kids hate vegetables,,10,,,,0.00,0.00,,
10 importance of fruits and vegetables for kids,,0,,,,0.00,0.00,,
10 importance of vegetables for kids,,0,,,,0.00,0.00,,
10 interesting facts about vegetables for kids,,0,,,,0.00,0.00,,
1980s kids book about vegetables that are alive,,0,,,,0.00,0.00,,
1980s kids book avout vegetables that are alive,,0,,,,0.00,0.00,,
4 ingredients for vegetable omelet muffins for kids,,0,,,,0.00,0.00,,
4 ingredients for vegetable omelet muffins for kids recipe,,0,,,,0.00,0.00,,
4 ingredients needed for vegetable omelet muffins for kids recipe,,0,,,,0.00,0.00,,
5 vegetables kids song,,0,,,,0.00,0.00,,
80s kids tv with vegetables,,0,,,,0.00,0.00,,
90s kids cartoons vegetables,,0,,,,0.00,0.00,,
about vegetables for kids,,0,,,,0.00,0.00,,
activity sheets vegetables kids uk,,0,,,,0.00,0.00,,
activity vegetables kids,,0,,,,0.00,0.00,,
advert for kids eating vegetables,,0,,,,0.00,0.00,,
all about vegetables for kids,,0,,,,0.00,0.00,,
amazon chopping vegetable kids,,0,,,,0.00,0.00,,
argentina vegetation for kids,,0,,,,0.00,0.00,,
at what age kids can chop vegetables,,0,,,,0.00,0.00,,
autumn vegetable soup for kids,,0,,,,0.00,0.00,,
basic vegetables for kids,,0,,,,0.00,0.00,,
benefits of eating fruits and vegetables for kids,,0,,,,0.00,0.00,,
benefits of eating vegetables for kids,,0,,,,0.00,0.00,,
benefits of frozen fruit and vegetables for kids,,0,,,,0.00,0.00,,
benefits of fruits and vegetables for kids,,0,,,,0.00,0.00,,
benefits of vegetables for kids,,0,,,,0.00,0.00,,
best beef vegetable soup ever no kidding,,0,,,,0.00,0.00,,
best frozen vegetables for kids,,0,,,,0.00,0.00,,
best fruit and vegetable supplements for kids,,0,,,,0.00,0.00,,
best shop bought vegetable source for pasta kids,,0,,,,0.00,0.00,,
best uk shop bought vegetable source for pasta kids,,0,,,,0.00,0.00,,
best vegetable for kids,,0,,,,0.00,0.00,,
best vegetable for kids pack lunch,,0,,,,0.00,0.00,,
best vegetable recipes for kids,,0,,,,0.00,0.00,,
best vegetable source for pasta kids,,0,,,,0.00,0.00,,
best vegetable supplement for kids,,0,,,,0.00,0.00,,
best vegetables for kids to eat,,0,,,,0.00,0.00,,
best vegetables for kids to grow,,0,,,,0.00,0.00,,
best vegetables to grow with kids,,0,,,,0.00,0.00,,
best vegetables to hide in smoothies for kids,,0,,,,0.00,0.00,,
best vitamin for kids who don t eat vegetables,,0,,,,0.00,0.00,,
best vitamin for kids who don't eat vegetables,,0,,,,0.00,0.00,,
best vitamin for kids who dont eat vegetables,,0,,,,0.00,0.00,,
best vitamins for kids that don't eat vegetables,,0,,,,0.00,0.00,,
best vitamins for kids who don t eat vegetables,,0,,,,0.00,0.00,,
best vitamins for kids who don't eat vegetables,,0,,,,0.00,0.00,,
best vitamins for kids who dont eat vegetables,,0,,,,0.00,0.00,,
best way to get kids to eat vegetables,,0,,,,0.00,0.00,,
best way to hide vegetables for kids,,0,,,,0.00,0.00,,
blended vegetable soup for kids,,0,,,,0.00,0.00,,
boil vegetable weird kids,,0,,,,0.00,0.00,,
book about vegetables for kids,,0,,,,0.00,0.00,,
books about vegetables for kids,,0,,,,0.00,0.00,,
books to help fussy kids eat vegetables,,0,,,,0.00,0.00,,
bridge in cooking for kids for when cutting up vegetables,,0,,,,0.00,0.00,,
broccoli vegetables for kids,,0,,,,0.00,0.00,,
carrot vegetables for kids,,0,,,,0.00,0.00,,
cartoon vegetable pics for kids,,0,,,,0.00,0.00,,
cheesy vegetable pasta for kids,,0,,,,0.00,0.00,,
chicken and vegetable casserole for kids,,0,,,,0.00,0.00,,
chicken and vegetable curry for kids,,0,,,,0.00,0.00,,
chicken and vegetable pie recipe for kids,,0,,,,0.00,0.00,,
chicken and vegetable skewers for kids,,0,,,,0.00,0.00,,
chopped vegetables for kids,,0,,,,0.00,0.00,,
clay fruits and vegetables for kids,,0,,,,0.00,0.00,,
clay modeling for kids fruits and vegetables,,0,,,,0.00,0.00,,
clay vegetables for kids,,0,,,,0.00,0.00,,
common vegetables for kids,,0,,,,0.00,0.00,,
competition vegetable carving for kids.,,0,,,,0.00,0.00,,
cooking vegetables for kids,,0,,,,0.00,0.00,,
cooking with kids vegetable korma,,0,,,,0.00,0.00,,
copy kids eat fruits and vegetables,,0,,,,0.00,0.00,,
copy-kids eat fruits and vegetables,,0,,,,0.00,0.00,,
couscous vegetable kids,,0,,,,0.00,0.00,,
craft projects vegetables for kids,,0,,,,0.00,0.00,,
create a vegetable person for kids,,0,,,,0.00,0.00,,
creative ways to get kids to eat vegetables,,0,,,,0.00,0.00,,
customizable vegetable shaped bean bags for kids,,0,,,,0.00,0.00,,
customizable vegetable-shaped bean bags for kids,,0,,,,0.00,0.00,,
cutting fruits and vegetables for kids,,0,,,,0.00,0.00,,
cutting vegetables for kids,,0,,,,0.00,0.00,,
definition of vegetation for kids,,0,,,,0.00,0.00,,
difference between fruit and vegetable for kids,,0,,,,0.00,0.00,,
difference between fruit and vegetables for kids,,0,,,,0.00,0.00,,
difference between fruits and vegetables for kids,,0,,,,0.00,0.00,,
difference between fruits and vegetables kids,,0,,,,0.00,0.00,,
difference between vegetable and fruit kids,,0,,,,0.00,0.00,,
differences between vegetables and fruits kids,,0,,,,0.00,0.00,,
different vegetables for kids,,0,,,,0.00,0.00,,
disguising vegetables in meals for fussy kids,,0,,,,0.00,0.00,,
dishes that will.hide vegetables for.kids,,0,,,,0.00,0.00,,
diy vegetable costume for kids,,0,,,,0.00,0.00,,
do kids each vegetables cartoon,,0,,,,0.00,0.00,,
do kids eat vegetables cartoon,,0,,,,0.00,0.00,,
draw vegetables for kids,,0,,,,0.00,0.00,,
drawing for kids vegetables,,0,,,,0.00,0.00,,
drawing fruits and vegetables for kids,,0,,,,0.00,0.00,,
drawing of vegetables for kids,,0,,,,0.00,0.00,,
drawing vegetables for kids,,0,,,,0.00,0.00,,
dt cutting techniques for cutting fruit and vegetables kids,,0,,,,0.00,0.00,,
easiest vegetables for kids to grow,,0,,,,0.00,0.00,,
easiest vegetables to grow for kids,,0,,,,0.00,0.00,,
easy drawing of vegetables for kids,,0,,,,0.00,0.00,,
easy hidden vegetable dinner recipes for kids,,0,,,,0.00,0.00,,
easy kid friendly vegetable side dishes,,0,,,,0.00,0.00,,
easy kids easy vegetable animals,,0,,,,0.00,0.00,,
easy to grow vegetables for kids,,0,,,,0.00,0.00,,
easy vegetable animals for kids,,0,,,,0.00,0.00,,
easy vegetable carving for kids,,0,,,,0.00,0.00,,
easy vegetable drawing for kids,,0,,,,0.00,0.00,,
easy vegetable for kids,,0,,,,0.00,0.00,,
easy vegetable recipes for kids,,0,,,,0.00,0.00,,
easy vegetable side dishes for kids,,0,,,,0.00,0.00,,
easy vegetable snacks for kids,,0,,,,0.00,0.00,,
easy vegetable soup for kids,,0,,,,0.00,0.00,,
easy vegetable soup recipe for kids,,0,,,,0.00,0.00,,
easy vegetable spring rolls for kid friendly,,0,,,,0.00,0.00,,
easy vegetables for kids,,0,,,,0.00,0.00,,
easy vegetables for kids to grow,,0,,,,0.00,0.00,,
easy vegetables to grow for kids,,0,,,,0.00,0.00,,
easy vegetables to grow with kids,,0,,,,0.00,0.00,,
eating vegetables kids,,0,,,,0.00,0.00,,
encourage kid to eat more vegetables,,0,,,,0.00,0.00,,
entertainer kids toy vegetables,,0,,,,0.00,0.00,,
example fruits and vegetables portion kid,,0,,,,0.00,0.00,,
examples of vegetables for kids,,0,,,,0.00,0.00,,
facts about fruit and vegetables for kids,,0,,,,0.00,0.00,,
facts about fruits and vegetables for kids,,0,,,,0.00,0.00,,
facts about vegetables for kids,,0,,,,0.00,0.00,,
fancy dress for kids fruits and vegetables,,0,,,,0.00,0.00,,
fancy dress for kids fruits and vegetables online,,0,,,,0.00,0.00,,
fancy dress for kids- fruits and vegetables,,0,,,,0.00,0.00,,
fancy dress ideas for kids fruits and vegetables,,0,,,,0.00,0.00,,
food tech posters for kids fruit and vegetable,,0,,,,0.00,0.00,,
forcing kids to eat vegetables,,0,,,,0.00,0.00,,
four ingredients for vegetable omelet muffins for kids recipe,,0,,,,0.00,0.00,,
fox kids tv channel vegetable western,,0,,,,0.00,0.00,,
fox kids vegetable western,,0,,,,0.00,0.00,,
free coloring pages for kids vegetables,,0,,,,0.00,0.00,,
free colouring page for kids vegetables,,0,,,,0.00,0.00,,
free printable pictures of vegetables for kids,,0,,,,0.00,0.00,,
fresh fruit & vegetable for kids,,0,,,,0.00,0.00,,
fresh kids beef & vegetable mini ravioli,,0,,,,0.00,0.00,,
fresh kids vegetable mini ravioli,,0,,,,0.00,0.00,,
fresh vegetable costume for kids,,0,,,,0.00,0.00,,
fresh vegetable costumes for kids,,0,,,,0.00,0.00,,
friut and vegetables stickers for kids,,0,,,,0.00,0.00,,
frozen vegetable rice recipe kids,,0,,,,0.00,0.00,,
fruit and fresh vegetables pikcing for kids in glasgow,,0,,,,0.00,0.00,,
fruit and vegetable art for kids,,0,,,,0.00,0.00,,
fruit and vegetable chart for kids,,0,,,,0.00,0.00,,
fruit and vegetable christmas decorations for kids,,0,,,,0.00,0.00,,
fruit and vegetable coloring book pdf for kids-,,0,,,,0.00,0.00,,
fruit and vegetable for kids,,0,,,,0.00,0.00,,
fruit and vegetable games for kids,,0,,,,0.00,0.00,,
fruit and vegetable gummies for kids,,0,,,,0.00,0.00,,
fruit and vegetable jokes for kids,,0,,,,0.00,0.00,,
fruit and vegetable juice for kids,,0,,,,0.00,0.00,,
fruit and vegetable juice recipes for kids,,0,,,,0.00,0.00,,
fruit and vegetable nutrition facts for kids,,0,,,,0.00,0.00,,
fruit and vegetable pouches for kids,,0,,,,0.00,0.00,,
fruit and vegetable quiz for kids,,0,,,,0.00,0.00,,
fruit and vegetable salads recipe for kids,,0,,,,0.00,0.00,,
fruit and vegetable smoothie for kids,,0,,,,0.00,0.00,,
fruit and vegetable smoothies for kids,,0,,,,0.00,0.00,,
fruit and vegetable snacks for kids,,0,,,,0.00,0.00,,
fruit and vegetable stickers for kids,,0,,,,0.00,0.00,,
fruit and vegetable sticks for kids,,0,,,,0.00,0.00,,
fruit and vegetable supplements for kids,,0,,,,0.00,0.00,,
fruit and vegetable vitamins for kids,,0,,,,0.00,0.00,,
fruit and vegetable vocabulary sheet for kids,,0,,,,0.00,0.00,,
fruit and vegetables activities for kids,,0,,,,0.00,0.00,,
fruit and vegetables facts for kids,,0,,,,0.00,0.00,,
fruit and vegetables flashcards for kids,,0,,,,0.00,0.00,,
fruit and vegetables for kids,,0,,,,0.00,0.00,,
fruit and vegetables games for kids,,0,,,,0.00,0.00,,
fruit and vegetables information for kids,,0,,,,0.00,0.00,,
fruit and vegetables kid,,0,,,,0.00,0.00,,
fruit and vegetables kids,,0,,,,0.00,0.00,,
fruit and vegetables kids stories,,0,,,,0.00,0.00,,
fruit and vegetables memory game for kids printable,,0,,,,0.00,0.00,,
fruit and vegetables pictures for kids,,0,,,,0.00,0.00,,
fruit and vegetables vocabulary for kids,,0,,,,0.00,0.00,,
fruit and vegetables worksheet for kids,,0,,,,0.00,0.00,,
fruit vegetables collectors cards kids,,0,,,,0.00,0.00,,
fruit vs vegetable for kids,,0,,,,0.00,0.00,,
fruit vs vegetable quiz for kids,,0,,,,0.00,0.00,,
fruits and vegetable toys for kids,,0,,,,0.00,0.00,,
fruits and vegetables activities for kids,,0,,,,0.00,0.00,,
fruits and vegetables activity for kids,,0,,,,0.00,0.00,,
fruits and vegetables benefits for kids,,0,,,,0.00,0.00,,
fruits and vegetables cards for kids,,0,,,,0.00,0.00,,
fruits and vegetables chart for kids,,0,,,,0.00,0.00,,
fruits and vegetables collection kids picture show,,0,,,,0.00,0.00,,
fruits and vegetables drawing for kids,,0,,,,0.00,0.00,,
fruits and vegetables facts for kids,,0,,,,0.00,0.00,,
fruits and vegetables flashcards for kids,,0,,,,0.00,0.00,,
fruits and vegetables for kids activities,,0,,,,0.00,0.00,,
fruits and vegetables for kids in english,,0,,,,0.00,0.00,,
fruits and vegetables for kids learning,,0,,,,0.00,0.00,,
fruits and vegetables for kids pdf,,0,,,,0.00,0.00,,
fruits and vegetables for kids to learn,,0,,,,0.00,0.00,,
fruits and vegetables for kids to learn for printer,,0,,,,0.00,0.00,,
fruits and vegetables game for kids,,0,,,,0.00,0.00,,
fruits and vegetables games for kids,,0,,,,0.00,0.00,,
fruits and vegetables good for kids,,0,,,,0.00,0.00,,
fruits and vegetables images for kids,,0,,,,0.00,0.00,,
fruits and vegetables in english for kids,,0,,,,0.00,0.00,,
fruits and vegetables in the 19th century uk kids,,0,,,,0.00,0.00,,
fruits and vegetables information for kids,,0,,,,0.00,0.00,,
fruits and vegetables kids,,0,,,,0.00,0.00,,
fruits and vegetables painting for kids,,0,,,,0.00,0.00,,
fruits and vegetables pdf for kids,,0,,,,0.00,0.00,,
fruits and vegetables picture for kids,,0,,,,0.00,0.00,,
fruits and vegetables pictures for kids,,0,,,,0.00,0.00,,
fruits and vegetables poem for kids,,0,,,,0.00,0.00,,
fruits and vegetables project for kids,,0,,,,0.00,0.00,,
fruits and vegetables puzzle for kids,,0,,,,0.00,0.00,,
fruits and vegetables quiz for kids,,0,,,,0.00,0.00,,
fruits and vegetables riddles for kids,,0,,,,0.00,0.00,,
fruits and vegetables toys for kids,,0,,,,0.00,0.00,,
fruits and vegetables vocabulary for kids,,0,,,,0.00,0.00,,
fruits vegetables images for kids,,0,,,,0.00,0.00,,
fun facts about fruits and vegetables for kids,,0,,,,0.00,0.00,,
fun facts about vegetables for kids,,0,,,,0.00,0.00,,
fun fruit and vegetable facts for kids,,0,,,,0.00,0.00,,
fun vegetable ideas for kids,,0,,,,0.00,0.00,,
fun vegetable recipes for kids,,0,,,,0.00,0.00,,
fun vegetable snacks for kids,,0,,,,0.00,0.00,,
fun vegetables for kids,,0,,,,0.00,0.00,,
fun vegetables snacks for kids,,0,,,,0.00,0.00,,
funny shaped vegetables for kids,,0,,,,0.00,0.00,,
games to get kids to eat more fruit and vegetables,,0,,,,0.00,0.00,,
garden vegetable rice kids,,0,,,,0.00,0.00,,
get kids to eat vegetables,,0,,,,0.00,0.00,,
get kids to eat vegetables broccoli forest,,0,,,,0.00,0.00,,
get kids to embrace vegetables,,0,,,,0.00,0.00,,
getting kids to eat more vegetables,,0,,,,0.00,0.00,,
getting kids to eat more vegetables psychology,,0,,,,0.00,0.00,,
getting kids to eat vegetables,,0,,,,0.00,0.00,,
gettinh kids to try more vegetables,,0,,,,0.00,0.00,,
good vegetables for kids,,0,,,,0.00,0.00,,
green vegetable recipes for kids,,0,,,,0.00,0.00,,
green vegetables for kids,,0,,,,0.00,0.00,,
grow your own vegetables for kids,,0,,,,0.00,0.00,,
grow your own vegetables kids,,0,,,,0.00,0.00,,
grow your own vegetables ww2 facts for kids,,0,,,,0.00,0.00,,
growing fruit and vegetable video for kids,,0,,,,0.00,0.00,,
growing vegetables for kids,,0,,,,0.00,0.00,,
growing vegetables for kids boks,,0,,,,0.00,0.00,,
growing vegetables for kids books,,0,,,,0.00,0.00,,
growing vegetables from scraps for kids,,0,,,,0.00,0.00,,
growing vegetables kids,,0,,,,0.00,0.00,,
growing vegetables kids book,,0,,,,0.00,0.00,,
growing vegetables video for kids,,0,,,,0.00,0.00,,
growing vegetables with kids,,0,,,,0.00,0.00,,
halloween vegetables for kids,,0,,,,0.00,0.00,,
hand drawn vegetables for kids,,0,,,,0.00,0.00,,
health benefits of fruits and vegetables for kids,,0,,,,0.00,0.00,,
healthiest vegetables for kids,,0,,,,0.00,0.00,,
healthy fruits and vegetables for kids,,0,,,,0.00,0.00,,
healthy kids beef brisket and vegetables,,0,,,,0.00,0.00,,
healthy kids eating vegetables,,0,,,,0.00,0.00,,
healthy kids vegetables,,0,,,,0.00,0.00,,
healthy meals for kids who don t like vegetables,,0,,,,0.00,0.00,,
healthy meals for kids who dont like vegetables,,0,,,,0.00,0.00,,
healthy recipe with vegetables for kids,,0,,,,0.00,0.00,,
healthy school l7nch ideas for kids who don't eat vegetables,,0,,,,0.00,0.00,,
healthy school l7nch ideas for kids who font eat vegetables,,0,,,,0.00,0.00,,
healthy school lunch ideas for kids who don't eat vegetables,,0,,,,0.00,0.00,,
healthy snacks for kids without vegetables,,0,,,,0.00,0.00,,
healthy vegetable muffins for kids,,0,,,,0.00,0.00,,
healthy vegetable pasta recipes for kids,,0,,,,0.00,0.00,,
healthy vegetable recipes for kids,,0,,,,0.00,0.00,,
healthy vegetable snacks for kids,,0,,,,0.00,0.00,,
healthy vegetable soup for kids,,0,,,,0.00,0.00,,
healthy vegetables for kids,,0,,,,0.00,0.00,,
healthy ways to eat vegetables kids,,0,,,,0.00,0.00,,
help kids to eat vegetables,,0,,,,0.00,0.00,,
hidden vegetable muffins for kids,,0,,,,0.00,0.00,,
hidden vegetable pasta bake kids,,0,,,,0.00,0.00,,
hidden vegetable pasta sauce for kids,,0,,,,0.00,0.00,,
hidden vegetable pasta sauce kids,,0,,,,0.00,0.00,,
hidden vegetable ravioli for kids,,0,,,,0.00,0.00,,
hidden vegetable recipes for kids book,,0,,,,0.00,0.00,,
hidden vegetable smoothie for kids,,0,,,,0.00,0.00,,
hidden vegetables for kids,,0,,,,0.00,0.00,,
hide vegetables in kids food,,0,,,,0.00,0.00,,
hiding vegetables in food for kids,,0,,,,0.00,0.00,,
hiding vegetables in kid food,,0,,,,0.00,0.00,,
high protein dinner recipes for kids with hidden vegetables,,0,,,,0.00,0.00,,
homemade vegetable curry for kids,,0,,,,0.00,0.00,,
homemade vegetable soup for kids,,0,,,,0.00,0.00,,
how can i get my kid to eat vegetables,,0,,,,0.00,0.00,,
how do fruit and vegetables help kids,,0,,,,0.00,0.00,,
how do i get my kid to eat vegetables,,0,,,,0.00,0.00,,
how do i get my kids to eat vegetables,,0,,,,0.00,0.00,,
how do i make my kid eat vegetables,,0,,,,0.00,0.00,,
how do you get kids to eat vegetables,,0,,,,0.00,0.00,,
how i feel when i sneak vegetables into kids food,,0,,,,0.00,0.00,,
how long can you freeze vegetables for kids,,0,,,,0.00,0.00,,
how many fruits and vegetables a day for kids,,0,,,,0.00,0.00,,
how many servings of vegetables per day for kids,,0,,,,0.00,0.00,,
how much fruits and vegetables per day for kids,,0,,,,0.00,0.00,,
how to convince a kid to eat vegetables,,0,,,,0.00,0.00,,
how to cook vegetables for kids,,0,,,,0.00,0.00,,
how to draw a vegetable garden for kids,,0,,,,0.00,0.00,,
how to draw fruit and vegetables for kids,,0,,,,0.00,0.00,,
how to draw vegetables for kids,,0,,,,0.00,0.00,,
how to encourage kids to eat vegetables,,0,,,,0.00,0.00,,
how to feed kids vegetables,,0,,,,0.00,0.00,,
how to feed my kid vegetables,,0,,,,0.00,0.00,,
how to get a kid to eat vegetables,,0,,,,0.00,0.00,,
how to get autistic kids to eat vegetables,,0,,,,0.00,0.00,,
how to get kid to eat vegetables,,0,,,,0.00,0.00,,
how to get kids eat vegetables,,0,,,,0.00,0.00,,
how to get kids interested in growing vegetables,,0,,,,0.00,0.00,,
how to get kids to eat green vegetables,,0,,,,0.00,0.00,,
how to get kids to eat more vegetables,,0,,,,0.00,0.00,,
how to get kids to eat raw vegetables,,0,,,,0.00,0.00,,
how to get kids to eat their vegetables,,0,,,,0.00,0.00,,
how to get kids to eat vegetable,,0,,,,0.00,0.00,,
how to get kids to eat vegetables blender,,0,,,,0.00,0.00,,
how to get kids to eat vegetables recipes,,0,,,,0.00,0.00,,
how to get kids to like vegetables,,0,,,,0.00,0.00,,
how to get kids to love vegetables,,0,,,,0.00,0.00,,
how to get my kid to eat more vegetables,,0,,,,0.00,0.00,,
how to get my kid to eat vegetables,,0,,,,0.00,0.00,,
how to get my kids to eat vegetables,,0,,,,0.00,0.00,,
how to get picky kids to eat vegetables,,0,,,,0.00,0.00,,
how to get vegetables in kids diet,,0,,,,0.00,0.00,,
how to get your kid to eat fruits and vegetables,,0,,,,0.00,0.00,,
how to get your kid to eat vegetables,,0,,,,0.00,0.00,,
how to get your kids to eat vegetables,,0,,,,0.00,0.00,,
how to give vegetables to kids,,0,,,,0.00,0.00,,
how to grow vegetables at home for kids,,0,,,,0.00,0.00,,
how to grow vegetables for kids,,0,,,,0.00,0.00,,
how to hide fruits and vegetables in kids' food,,0,,,,0.00,0.00,,
how to hide vegetables in kids food,,0,,,,0.00,0.00,,
how to hide vegetables in kids food sneaky ways,,0,,,,0.00,0.00,,
how to increase vegetable intake for kids,,0,,,,0.00,0.00,,
how to introduce vegetables to kids,,0,,,,0.00,0.00,,
how to make a kid eat vegetables,,0,,,,0.00,0.00,,
how to make best vegetables soup and potato for kids,,0,,,,0.00,0.00,,
how to make kid eat vegetables,,0,,,,0.00,0.00,,
how to make kids eat more vegetables,,0,,,,0.00,0.00,,
how to make kids eat vegetables,,0,,,,0.00,0.00,,
how to make kids like vegetables,,0,,,,0.00,0.00,,
how to make my kid eat vegetables,,0,,,,0.00,0.00,,
how to make sainsburys kids menu vegetable pasta bake,,0,,,,0.00,0.00,,
how to make vegetable soup for kids,,0,,,,0.00,0.00,,
how to make vegetable soup with kids,,0,,,,0.00,0.00,,
how to make vegetables fun for kids,,0,,,,0.00,0.00,,
how to make vegetables kid friendly,,0,,,,0.00,0.00,,
how to make vegetables more fun for kids,,0,,,,0.00,0.00,,
how to make vegetables taste good for kids,,0,,,,0.00,0.00,,
how to make your kid eat vegetables,,0,,,,0.00,0.00,,
how to sneak vegetables into kids meals,,0,,,,0.00,0.00,,
https www.popsugar.com family ampbest vegetables for kids popsugar family,,0,,,,0.00,0.00,,
hue thernly witinstall encourage kids to eat vegetables,,0,,,,0.00,0.00,,
ideas for vegetables kids,,0,,,,0.00,0.00,,
ideas to get kids to eat vegetables,,0,,,,0.00,0.00,,
ikea kids vegetables,,0,,,,0.00,0.00,,
ilumi for kids disney kitchen vegetable risotto,,0,,,,0.00,0.00,,
images of fruits and vegetables for kids,,0,,,,0.00,0.00,,
images of vegetables for kids,,0,,,,0.00,0.00,,
importance of green vegetables for kids,,0,,,,0.00,0.00,,
importance of vegetables for kids,,0,,,,0.00,0.00,,
important kids vegetables and fruit 5 a day,,0,,,,0.00,0.00,,
information about vegetables for kids,,0,,,,0.00,0.00,,
instructions on how to grow vegetables for kids,,0,,,,0.00,0.00,,
interesting facts about fruits and vegetables for kids,,0,,,,0.00,0.00,,
intorducing vegetables to kids,,0,,,,0.00,0.00,,
is it normal for kids not to eat vegetables,,0,,,,0.00,0.00,,
is tomato a fruit or vegetable kids,,0,,,,0.00,0.00,,
jamaica vegetation kids,,0,,,,0.00,0.00,,
jamie italian kids identified fruit vegetable,,0,,,,0.00,0.00,,
japan vegetation for kids,,0,,,,0.00,0.00,,
juicing vegetables for kids,,0,,,,0.00,0.00,,
keto vegetable recipes for picky kids,,0,,,,0.00,0.00,,
kid chopping vegetables tiktok,,0,,,,0.00,0.00,,
kid doesn't eat vegetables,,0,,,,0.00,0.00,,
kid doesn't want to eat vegetables,,0,,,,0.00,0.00,,
kid eat vegetables,,0,,,,0.00,0.00,,
kid eating vegetables,,0,,,,0.00,0.00,,
kid eating vegetables cartoon,,0,,,,0.00,0.00,,
kid eating vegetables vine,,0,,,,0.00,0.00,,
kid friendly chicken vegetable soup,,0,,,,0.00,0.00,,
kid friendly dinners with vegetables,,0,,,,0.00,0.00,,
kid friendly fruit and vegetable recipes,,0,,,,0.00,0.00,,
kid friendly fruit and vegetable smoothie recipes,,0,,,,0.00,0.00,,
kid friendly fruits and vegetables,,0,,,,0.00,0.00,,
kid friendly hidden vegetable recipes,,0,,,,0.00,0.00,,
kid friendly meals with vegetables,,0,,,,0.00,0.00,,
kid friendly raw vegetables,,0,,,,0.00,0.00,,
kid friendly recipes hidden vegetables,,0,,,,0.00,0.00,,
kid friendly recipes with hidden vegetables,,0,,,,0.00,0.00,,
kid friendly recipes with vegetables,,0,,,,0.00,0.00,,
kid friendly roasted vegetables,,0,,,,0.00,0.00,,
kid friendly smoothies with vegetables,,0,,,,0.00,0.00,,
kid friendly stir fry vegetables,,0,,,,0.00,0.00,,
kid friendly thanksgiving vegetable recipes,,0,,,,0.00,0.00,,
kid friendly vegetable,,0,,,,0.00,0.00,,
kid friendly vegetable casserole,,0,,,,0.00,0.00,,
kid friendly vegetable curry,,0,,,,0.00,0.00,,
kid friendly vegetable dish,,0,,,,0.00,0.00,,
kid friendly vegetable dishes,,0,,,,0.00,0.00,,
kid friendly vegetable frittata,,0,,,,0.00,0.00,,
kid friendly vegetable fritters,,0,,,,0.00,0.00,,
kid friendly vegetable garden,,0,,,,0.00,0.00,,
kid friendly vegetable garden ideas,,0,,,,0.00,0.00,,
kid friendly vegetable garden uk,,0,,,,0.00,0.00,,
kid friendly vegetable ideas,,0,,,,0.00,0.00,,
kid friendly vegetable lasagna,,0,,,,0.00,0.00,,
kid friendly vegetable meals,,0,,,,0.00,0.00,,
kid friendly vegetable recipe,,0,,,,0.00,0.00,,
kid friendly vegetable recipes,,0,,,,0.00,0.00,,
kid friendly vegetable recipes for kids,,0,,,,0.00,0.00,,
kid friendly vegetable recipes for thanksgiving,,0,,,,0.00,0.00,,
kid friendly vegetable risotto,,0,,,,0.00,0.00,,
kid friendly vegetable salad,,0,,,,0.00,0.00,,
kid friendly vegetable side dishes,,0,,,,0.00,0.00,,
kid friendly vegetable sides,,0,,,,0.00,0.00,,
kid friendly vegetable soup,,0,,,,0.00,0.00,,
kid friendly vegetable soup recipe,,0,,,,0.00,0.00,,
kid friendly vegetable stir fry,,0,,,,0.00,0.00,,
kid friendly vegetables,,0,,,,0.00,0.00,,
kid friendly vegetables recipes,,0,,,,0.00,0.00,,
kid friendly vegetables side dishes,,0,,,,0.00,0.00,,
kid goes blind from not eating vegetables,,0,,,,0.00,0.00,,
kid goku vegets fic,,0,,,,0.00,0.00,,
kid hates vegetables,,0,,,,0.00,0.00,,
kid hating vegetables,,0,,,,0.00,0.00,,
kid icarus vegetable,,0,,,,0.00,0.00,,
kid not eating vegetables,,0,,,,0.00,0.00,,
kid not wanting to eat vegetables,,0,,,,0.00,0.00,,
kid recipes hidden vegetables,,0,,,,0.00,0.00,,
kid refuses to eat vegetables,,0,,,,0.00,0.00,,
kid refusing to eat vegetables,,0,,,,0.00,0.00,,
kid refusing vegetables,,0,,,,0.00,0.00,,
kid refusing vegetables happy about pasta template,,0,,,,0.00,0.00,,
kid refusing vegetables meme template,,0,,,,0.00,0.00,,
kid safe vegetable peeler,,0,,,,0.00,0.00,,
kid smoothie recipes with vegetables,,0,,,,0.00,0.00,,
kid vegetable ideas,,0,,,,0.00,0.00,,
kid vegetable recipe,,0,,,,0.00,0.00,,
kid vegetable recipes,,0,,,,0.00,0.00,,
kid vegetable side dishes,,0,,,,0.00,0.00,,
kid vegetable smoothie recipes,,0,,,,0.00,0.00,,
kid vegetables,,0,,,,0.00,0.00,,
kid vegetables recipes,,0,,,,0.00,0.00,,
kid who doesn't want to eat vegetables,,0,,,,0.00,0.00,,
kid won t eat vegetables,,0,,,,0.00,0.00,,
kid won't eat fruits or vegetables,,0,,,,0.00,0.00,,
kid won't eat vegetables,,0,,,,0.00,0.00,,
kid-friendly chicken and vegetable recipes,,0,,,,0.00,0.00,,
kid-friendly fruit and vegetable recipes,,0,,,,0.00,0.00,,
kid-friendly grilled vegetables,,0,,,,0.00,0.00,,
kid-friendly rainbow vegetable garden,,0,,,,0.00,0.00,,
kid-friendly recipes with vegetables,,0,,,,0.00,0.00,,
kid-friendly stir fry vegetables,,0,,,,0.00,0.00,,
kid-friendly vegetable garden,,0,,,,0.00,0.00,,
kid-friendly vegetable recipes,,0,,,,0.00,0.00,,
kid-friendly vegetable side dishes,,0,,,,0.00,0.00,,
kid-friendly vegetable sides,,0,,,,0.00,0.00,,
kid-friendly vegetable stir-fry,,0,,,,0.00,0.00,,
kid-friendly vegetables,,0,,,,0.00,0.00,,
kid-friendly vegetables recipes,,0,,,,0.00,0.00,,
kid.show with fsrmer.and dacing ans singing.vegetables,,0,,,,0.00,0.00,,
kids and vegetables,,0,,,,0.00,0.00,,
kids beef & vegetable mini ravioli,,0,,,,0.00,0.00,,
kids beef and vegetable mini ravioli,,0,,,,0.00,0.00,,
kids beef and vegetable pot,,0,,,,0.00,0.00,,
kids book about vegetables,,0,,,,0.00,0.00,,
kids books about fruits and vegetables,,0,,,,0.00,0.00,,
kids books about vegetables,,0,,,,0.00,0.00,,
kids ceramic vegetable bowl uk,,0,,,,0.00,0.00,,
kids chopping vegetables,,0,,,,0.00,0.00,,
kids concept mixed vegetable box,,0,,,,0.00,0.00,,
kids coughing on vegetables,,0,,,,0.00,0.00,,
kids cut vegetables toys,,0,,,,0.00,0.00,,
kids cutting vegetables,,0,,,,0.00,0.00,,
kids cutting vegetables youtube,,0,,,,0.00,0.00,,
kids definition of vegetables,,0,,,,0.00,0.00,,
kids don t eat vegetables,,0,,,,0.00,0.00,,
kids don't eat vegetables,,0,,,,0.00,0.00,,
kids don't like vegetables,,0,,,,0.00,0.00,,
kids dont eat vegetables,,0,,,,0.00,0.00,,
kids dont know what vegetables are,,0,,,,0.00,0.00,,
kids drawing vegetables,,0,,,,0.00,0.00,,
kids easy vegetable animals,,0,,,,0.00,0.00,,
kids eat vegetables,,0,,,,0.00,0.00,,
kids eating fruit and vegetables,,0,,,,0.00,0.00,,
kids eating fruits and vegetables,,0,,,,0.00,0.00,,
kids eating vegetables,,0,,,,0.00,0.00,,
kids eating vegetables gif,,0,,,,0.00,0.00,,
kids eating vegetables viral,,0,,,,0.00,0.00,,
kids explanation of what vegetables are good for,,0,,,,0.00,0.00,,
kids favorite vegetables,,0,,,,0.00,0.00,,
kids favourite vegetables,,0,,,,0.00,0.00,,
kids food vegetable sampsas,,0,,,,0.00,0.00,,
kids friendly vegetables,,0,,,,0.00,0.00,,
kids fruit and vegetable themes,,0,,,,0.00,0.00,,
kids fruit and vegetable toys,,0,,,,0.00,0.00,,
kids fruit and vegetables songs,,0,,,,0.00,0.00,,
kids fruits and vegetables,,0,,,,0.00,0.00,,
kids fruits vegetables,,0,,,,0.00,0.00,,
kids games vegetables maths,,0,,,,0.00,0.00,,
kids games vegetables maths flash game,,0,,,,0.00,0.00,,
kids games vegetables maths online,,0,,,,0.00,0.00,,
kids games with fruit and vegetables,,0,,,,0.00,0.00,,
kids gardening cartoon vegetable garden clipart,,0,,,,0.00,0.00,,
kids goiid vegetables and little soup,,0,,,,0.00,0.00,,
kids grow vegetables,,0,,,,0.00,0.00,,
kids grow your own vegetables,,0,,,,0.00,0.00,,
kids growing vegetables,,0,,,,0.00,0.00,,
kids hate vegetables,,0,,,,0.00,0.00,,
kids health nutrition fruits and vegetables,,0,,,,0.00,0.00,,
kids health nutrition fruts and vegetables,,0,,,,0.00,0.00,,
kids help vs vegetable,,0,,,,0.00,0.00,,
kids hidden vegetable pasta sauce,,0,,,,0.00,0.00,,
kids learning tube vegetable abc song,,0,,,,0.00,0.00,,
kids learning tube vegetable song,,0,,,,0.00,0.00,,
kids learning tube vegetable song lyrics,,0,,,,0.00,0.00,,
kids learning vegetables,,0,,,,0.00,0.00,,
kids lernning tube vegetables,,0,,,,0.00,0.00,,
kids make your own vegetable,,0,,,,0.00,0.00,,
kids multivitamin with fruits and vegetables,,0,,,,0.00,0.00,,
kids not eating vegetables,,0,,,,0.00,0.00,,
kids planting vegetables,,0,,,,0.00,0.00,,
kids play fruit and vegetables,,0,,,,0.00,0.00,,
kids play vegetables,,0,,,,0.00,0.00,,
kids pretend cutting set play kitchen fruit vegetable food toys,,0,,,,0.00,0.00,,
kids sandwich& vegetable cutters,,0,,,,0.00,0.00,,
kids show about vegetables,,0,,,,0.00,0.00,,
kids show vegetables,,0,,,,0.00,0.00,,
kids show with talking vegetables,,0,,,,0.00,0.00,,
kids show with vegetables,,0,,,,0.00,0.00,,
kids snacks combining fruits and vegetables for immune health,,0,,,,0.00,0.00,,
kids snacks with fruits and vegetables for immune health,,0,,,,0.00,0.00,,
kids snacks with hidden vegetables,,0,,,,0.00,0.00,,
kids to eat vegetables,,0,,,,0.00,0.00,,
kids tomato and vegetables pasta,,0,,,,0.00,0.00,,
kids toy vegetables,,0,,,,0.00,0.00,,
kids try greek vegetables,,0,,,,0.00,0.00,,
kids tv show vegetables,,0,,,,0.00,0.00,,
kids tv show with talking vegetables,,0,,,,0.00,0.00,,
kids tv vegetables,,0,,,,0.00,0.00,,
kids tv with vegetables,,0,,,,0.00,0.00,,
kids vegetable,,0,,,,0.00,0.00,,
kids vegetable animal,,0,,,,0.00,0.00,,
kids vegetable animals,,0,,,,0.00,0.00,,
kids vegetable bo uk,,0,,,,0.00,0.00,,
kids vegetable book,,0,,,,0.00,0.00,,
kids vegetable books,,0,,,,0.00,0.00,,
kids vegetable books from the 80s,,0,,,,0.00,0.00,,
kids vegetable bowl uk,,0,,,,0.00,0.00,,
kids vegetable chart,,0,,,,0.00,0.00,,
kids vegetable costume,,0,,,,0.00,0.00,,
kids vegetable crisps,,0,,,,0.00,0.00,,
kids vegetable curry,,0,,,,0.00,0.00,,
kids vegetable curry recipe,,0,,,,0.00,0.00,,
kids vegetable cutter,,0,,,,0.00,0.00,,
kids vegetable cutting set,,0,,,,0.00,0.00,,
kids vegetable dishes,,0,,,,0.00,0.00,,
kids vegetable drawing,,0,,,,0.00,0.00,,
kids vegetable drawings,,0,,,,0.00,0.00,,
kids vegetable dress,,0,,,,0.00,0.00,,
kids vegetable dress online,,0,,,,0.00,0.00,,
kids vegetable drink,,0,,,,0.00,0.00,,
kids vegetable fritter,,0,,,,0.00,0.00,,
kids vegetable fritter all recipes,,0,,,,0.00,0.00,,
kids vegetable fritters,,0,,,,0.00,0.00,,
kids vegetable fritters freezer friendly recipe,,0,,,,0.00,0.00,,
kids vegetable garden ideas,,0,,,,0.00,0.00,,
kids vegetable garden kit,,0,,,,0.00,0.00,,
kids vegetable gummies,,0,,,,0.00,0.00,,
kids vegetable ideas,,0,,,,0.00,0.00,,
kids vegetable juice,,0,,,,0.00,0.00,,
kids vegetable lasagne,,0,,,,0.00,0.00,,
kids vegetable lentil lasagne,,0,,,,0.00,0.00,,
kids vegetable meals,,0,,,,0.00,0.00,,
kids vegetable muffins,,0,,,,0.00,0.00,,
kids vegetable noodles,,0,,,,0.00,0.00,,
kids vegetable pancakes,,0,,,,0.00,0.00,,
kids vegetable pasta,,0,,,,0.00,0.00,,
kids vegetable peeler,,0,,,,0.00,0.00,,
kids vegetable planter,,0,,,,0.00,0.00,,
kids vegetable planter set,,0,,,,0.00,0.00,,
kids vegetable platter,,0,,,,0.00,0.00,,
kids vegetable powder,,0,,,,0.00,0.00,,
kids vegetable recipe,,0,,,,0.00,0.00,,
kids vegetable recipes,,0,,,,0.00,0.00,,
kids vegetable rice,,0,,,,0.00,0.00,,
kids vegetable salad recipes,,0,,,,0.00,0.00,,
kids vegetable scrubber,,0,,,,0.00,0.00,,
kids vegetable seeds,,0,,,,0.00,0.00,,
kids vegetable show,,0,,,,0.00,0.00,,
kids vegetable smoothie,,0,,,,0.00,0.00,,
kids vegetable smyths,,0,,,,0.00,0.00,,
kids vegetable snacks,,0,,,,0.00,0.00,,
kids vegetable song,,0,,,,0.00,0.00,,
kids vegetable soup,,0,,,,0.00,0.00,,
kids vegetable soup receipe,,0,,,,0.00,0.00,,
kids vegetable soup recipe,,0,,,,0.00,0.00,,
kids vegetable supplement,,0,,,,0.00,0.00,,
kids vegetable supplements,,0,,,,0.00,0.00,,
kids vegetable toy,,0,,,,0.00,0.00,,
kids vegetable toy argos,,0,,,,0.00,0.00,,
kids vegetable toys,,0,,,,0.00,0.00,,
kids vegetable trivia,,0,,,,0.00,0.00,,
kids vegetable vitamins,,0,,,,0.00,0.00,,
kids vegetables and laitl soup,,0,,,,0.00,0.00,,
kids vegetables and later soup,,0,,,,0.00,0.00,,
kids vegetables and little soup,,0,,,,0.00,0.00,,
kids vegetables bitter,,0,,,,0.00,0.00,,
kids vegetables broat,,0,,,,0.00,0.00,,
kids vegetables drawing,,0,,,,0.00,0.00,,
kids vegetables hidden,,0,,,,0.00,0.00,,
kids vegetables illustration,,0,,,,0.00,0.00,,
kids vegetables soup,,0,,,,0.00,0.00,,
kids vegetables toys,,0,,,,0.00,0.00,,
kids vegetables viral,,0,,,,0.00,0.00,,
kids vitamins with fruits and vegetables,,0,,,,0.00,0.00,,
kids vocabulary fruits and vegetables 1,,0,,,,0.00,0.00,,
kids war on vegetables,,0,,,,0.00,0.00,,
kids who don t eat fruits and vegetables,,0,,,,0.00,0.00,,
kids who don't eat vegetables,,0,,,,0.00,0.00,,
kids who dont eat vegetables,,0,,,,0.00,0.00,,
kids won t eat vegetables,,0,,,,0.00,0.00,,
kids won't eat vegetables,,0,,,,0.00,0.00,,
kids won't eat vegetables ideas,,0,,,,0.00,0.00,,
kids wont eat vegetables,,0,,,,0.00,0.00,,
kids wooden vegetable rack,,0,,,,0.00,0.00,,
kids wooden vegetables,,0,,,,0.00,0.00,,
kyoot kids eating vegetables,,0,,,,0.00,0.00,,
leafy vegetables for kids,,0,,,,0.00,0.00,,
learning fruits and vegetables for kids,,0,,,,0.00,0.00,,
learning vegetables for kids,,0,,,,0.00,0.00,,
lidl vegetables for kids,,0,,,,0.00,0.00,,
list of fruits and vegetables for kids,,0,,,,0.00,0.00,,
list of kid friendly vegetables,,0,,,,0.00,0.00,,
list of vegetables for kids,,0,,,,0.00,0.00,,
list of vegetables kids like,,0,,,,0.00,0.00,,
lunch box vegetable ideas for kids,,0,,,,0.00,0.00,,
madagascar vegetation for kids,,0,,,,0.00,0.00,,
making animals with fruits and vegetables for kids,,0,,,,0.00,0.00,,
making vegetable animals for kids,,0,,,,0.00,0.00,,
making vegetable soup kids recipe,,0,,,,0.00,0.00,,
making vegetable soup kids recipe uk,,0,,,,0.00,0.00,,
making vegetables fun for kids,,0,,,,0.00,0.00,,
mash patato wit vegetables for kids,,0,,,,0.00,0.00,,
mash patato wit vegetables for kids recipes,,0,,,,0.00,0.00,,
mash potato with vegetables for kids recipes,,0,,,,0.00,0.00,,
meals for kids with vegetables,,0,,,,0.00,0.00,,
meals to get kids to eat vegetables,,0,,,,0.00,0.00,,
meatballs with vegetables for kids,,0,,,,0.00,0.00,,
mini vegetable pies for kids,,0,,,,0.00,0.00,,
morrisons vegetable kids sweet potato,,0,,,,0.00,0.00,,
most popular fruits and vegetables that kids know,,0,,,,0.00,0.00,,
my favourite vegetable essay for kids,,0,,,,0.00,0.00,,
my kid doesn't eat vegetables,,0,,,,0.00,0.00,,
my kid will not eat vegetables,,0,,,,0.00,0.00,,
my kid won't eat vegetables,,0,,,,0.00,0.00,,
my kid wont eat vegetables,,0,,,,0.00,0.00,,
my kids won't eat vegetables,,0,,,,0.00,0.00,,
my vegetarian kids won't eat vegetables,,0,,,,0.00,0.00,,
names of vegetables for kids,,0,,,,0.00,0.00,,
new zealand vegetation for kids,,0,,,,0.00,0.00,,
organic kids vegetable rice,,0,,,,0.00,0.00,,
painting with vegetables for kids,,0,,,,0.00,0.00,,
paper plate with vegetables kids crafts,,0,,,,0.00,0.00,,
pics of vegetables for kids to learn,,0,,,,0.00,0.00,,
picture of vegetables for kids,,0,,,,0.00,0.00,,
pictures of fruits and vegetables for kids,,0,,,,0.00,0.00,,
pictures of vegetables for kids,,0,,,,0.00,0.00,,
pinterest kids vegetables,,0,,,,0.00,0.00,,
planting vegetables with kids,,0,,,,0.00,0.00,,
plastic fruits and vegetables for kids,,0,,,,0.00,0.00,,
plastic kids vegetables,,0,,,,0.00,0.00,,
plastic vegetable toys for kids,,0,,,,0.00,0.00,,
plastic vegetables for kids,,0,,,,0.00,0.00,,
poem about vegetables for kids,,0,,,,0.00,0.00,,
powder vegetables for kids,,0,,,,0.00,0.00,,
powdered vegetables for kids,,0,,,,0.00,0.00,,
printable pictures of fruits and vegetables for kids,,0,,,,0.00,0.00,,
printable vegetables chart for kids,,0,,,,0.00,0.00,,
pumpkin vegetable for kids,,0,,,,0.00,0.00,,
pureed vegetable soup for kids,,0,,,,0.00,0.00,,
questions about vegetables for kids,,0,,,,0.00,0.00,,
rainbow vegetables for kids,,0,,,,0.00,0.00,,
raw vegetables for kids,,0,,,,0.00,0.00,,
realistic vegetables for kids,,0,,,,0.00,0.00,,
recipes for bars with fruit and vegetable for kid friendly,,0,,,,0.00,0.00,,
recipes for kids to eat vegetables,,0,,,,0.00,0.00,,
recipes for kids who don t like vegetables,,0,,,,0.00,0.00,,
recipes for kids who don't like vegetables,,0,,,,0.00,0.00,,
recipes for kids who dont like vegetables,,0,,,,0.00,0.00,,
recipes for kids who hate vegetables,,0,,,,0.00,0.00,,
recipes for kids with vegetables,,0,,,,0.00,0.00,,
recipes for vegetables for kids,,0,,,,0.00,0.00,,
recipes to get kids to eat more vegetables,,0,,,,0.00,0.00,,
recipes to get kids to eat vegetables,,0,,,,0.00,0.00,,
recipes with vegetables for kids,,0,,,,0.00,0.00,,
recipies for kids that dont like vegetables,,0,,,,0.00,0.00,,
regrowing vegetables for kids,,0,,,,0.00,0.00,,
remember kids if you don't eat your vegetables,,0,,,,0.00,0.00,,
report about eating fruit and vegetables for kids,,0,,,,0.00,0.00,,
roasted vegetables for kids,,0,,,,0.00,0.00,,
root vegetable dishes for kids in britian 1940,,0,,,,0.00,0.00,,
root vegetables for kids,,0,,,,0.00,0.00,,
saute vegetables for kids,,0,,,,0.00,0.00,,
savory vegetable muffins kids,,0,,,,0.00,0.00,,
savoury vegetable muffins for kids,,0,,,,0.00,0.00,,
school kids vegetable garden,,0,,,,0.00,0.00,,
scishow kids what is the difference between fruits and vegetables,,0,,,,0.00,0.00,,
seasonal fruits and vegetables for kids,,0,,,,0.00,0.00,,
sectret of the vegetable garden ivy kids,,0,,,,0.00,0.00,,
should kids be made to eat vegetables,,0,,,,0.00,0.00,,
should kids eat vegetables,,0,,,,0.00,0.00,,
should you condition your kids to eat fruits and vegetables,,0,,,,0.00,0.00,,
should you force kids to eat vegetables,,0,,,,0.00,0.00,,
sid the science kid vegetable patterns,,0,,,,0.00,0.00,,
sid the science kid vegetable planting,,0,,,,0.00,0.00,,
simple 7autumn vegetable soup for kids,,0,,,,0.00,0.00,,
simple fruits and vegetables drawing for kids,,0,,,,0.00,0.00,,
simple vegetable carving for kids,,0,,,,0.00,0.00,,
simple vegetable carvings for kids,,0,,,,0.00,0.00,,
simple vegetable curry for kids,,0,,,,0.00,0.00,,
simple vegetable curry for kids made in microwave,,0,,,,0.00,0.00,,
simple vegetable recipes for kids,,0,,,,0.00,0.00,,
simple vegetable recipes kids can make,,0,,,,0.00,0.00,,
simple vegetable soup for kids,,0,,,,0.00,0.00,,
simple vegetable soup kids,,0,,,,0.00,0.00,,
simple vegetable soup recipe for kids,,0,,,,0.00,0.00,,
simple vegetable sushi for kids,,0,,,,0.00,0.00,,
slow cooker chicken vegetable curry for kids,,0,,,,0.00,0.00,,
smoothie recipes for kids with vegetables uk,,0,,,,0.00,0.00,,
smoothies for kids who won t eat vegetables,,0,,,,0.00,0.00,,
smoothies with vegetables for kids,,0,,,,0.00,0.00,,
snack vegetables for kids,,0,,,,0.00,0.00,,
snacks with vegetables for kids,,0,,,,0.00,0.00,,
sneaky vegetables for kids,,0,,,,0.00,0.00,,
sneaky ways to get kids to eat vegetables,,0,,,,0.00,0.00,,
sneaky ways to get vegetables into fussy kids,,0,,,,0.00,0.00,,
song one shot skateboard kids throwing vegetables,,0,,,,0.00,0.00,,
sorting fruits and vegetables for kids,,0,,,,0.00,0.00,,
spaghetti kids vegetables,,0,,,,0.00,0.00,,
spanish fruit and vegetables for kids,,0,,,,0.00,0.00,,
spy kids vegetable people,,0,,,,0.00,0.00,,
spy kids vegetables,,0,,,,0.00,0.00,,
start vegetable garden with kids,,0,,,,0.00,0.00,,
steamed vegetables for kids,,0,,,,0.00,0.00,,
stem vegetables for kids,,0,,,,0.00,0.00,,
sticky kids vegetables,,0,,,,0.00,0.00,,
stories for kids about vegetables,,0,,,,0.00,0.00,,
supplements for kids that don t eat vegetables,,0,,,,0.00,0.00,,
supplements for kids that don't eat vegetables,,0,,,,0.00,0.00,,
supplements for kids that dont eat vegetables,,0,,,,0.00,0.00,,
supplements for kids who don't eat vegetables,,0,,,,0.00,0.00,,
supplements for kids who won't eat vegetables,,0,,,,0.00,0.00,,
sweat vegetable kids smoothie,,0,,,,0.00,0.00,,
teach kids to vegetables,,0,,,,0.00,0.00,,
teach your kid to eat fruits and vegetables,,0,,,,0.00,0.00,,
teachibg kids about weeds vs vegetables,,0,,,,0.00,0.00,,
teaching kids about frutis and vegetables,,0,,,,0.00,0.00,,
teaching kids about vegetables,,0,,,,0.00,0.00,,
teaching kids about weeds and vegetables,,0,,,,0.00,0.00,,
tesco kids toy vegetables,,0,,,,0.00,0.00,,
thanksgiving vegetables kids,,0,,,,0.00,0.00,,
the best vegetable soup ever no kidding,,0,,,,0.00,0.00,,
the kids picture show find the vegetables,,0,,,,0.00,0.00,,
the vegetable song for kids singing walulus,,0,,,,0.00,0.00,,
tilda kids sunshine vegetable rice,,0,,,,0.00,0.00,,
tilda kids sunshine vegetable rice 125g,,0,,,,0.00,0.00,,
tilda kids sweet vegetables wholegrain rice,,0,,,,0.00,0.00,,
tilda kids vegetable paella,,0,,,,0.00,0.00,,
top 15 kid friendly vegetables,,0,,,,0.00,0.00,,
top 15 kid friendly vegetables recipes,,0,,,,0.00,0.00,,
top 15 kid-friendly vegetables,,0,,,,0.00,0.00,,
top kid friendly vegetables,,0,,,,0.00,0.00,,
top kid-friendly frozen vegetable sides,,0,,,,0.00,0.00,,
toy vegetables for kids,,0,,,,0.00,0.00,,
tricks to get kids to eat vegetables,,0,,,,0.00,0.00,,
tsa friendly fruit and vegetable snacks for kids carry-on airplane,,0,,,,0.00,0.00,,
types of vegetables for kids,,0,,,,0.00,0.00,,
types of vegetation in australia for kids,,0,,,,0.00,0.00,,
uk lunch box vegetable ideas for kids,,0,,,,0.00,0.00,,
underground vegetables for kids,,0,,,,0.00,0.00,,
unusual vegetable recipes for kids,,0,,,,0.00,0.00,,
unusual vegetables for kids,,0,,,,0.00,0.00,,
utube jamie italy kids know fruit vegetable,,0,,,,0.00,0.00,,
vegan kid doesn like vegetables,,0,,,,0.00,0.00,,
vegetable & fruits carving for kids make,,0,,,,0.00,0.00,,
vegetable accessories for kids,,0,,,,0.00,0.00,,
vegetable activities for kids,,0,,,,0.00,0.00,,
vegetable activity for kids,,0,,,,0.00,0.00,,
vegetable and fruit carving for kids,,0,,,,0.00,0.00,,
vegetable animals for kids,,0,,,,0.00,0.00,,
vegetable animals kids,,0,,,,0.00,0.00,,
vegetable art for kids,,0,,,,0.00,0.00,,
vegetable art ideas for kids,,0,,,,0.00,0.00,,
vegetable art kids,,0,,,,0.00,0.00,,
vegetable bake for kids,,0,,,,0.00,0.00,,
vegetable based kids meals,,0,,,,0.00,0.00,,
vegetable based kids snacks,,0,,,,0.00,0.00,,
vegetable based meals for kids,,0,,,,0.00,0.00,,
vegetable based meals for kids book,,0,,,,0.00,0.00,,
vegetable basket drawing for kids,,0,,,,0.00,0.00,,
vegetable basket for kids,,0,,,,0.00,0.00,,
vegetable book for kids,,0,,,,0.00,0.00,,
vegetable book kids,,0,,,,0.00,0.00,,
vegetable books for kids,,0,,,,0.00,0.00,,
vegetable border for kids clip art,,0,,,,0.00,0.00,,
vegetable burger for kids,,0,,,,0.00,0.00,,
vegetable burger recipe for kids,,0,,,,0.00,0.00,,
vegetable cards for kids,,0,,,,0.00,0.00,,
vegetable carving for kids,,0,,,,0.00,0.00,,
vegetable carving ideas for kids,,0,,,,0.00,0.00,,
vegetable casserole kid friendly,,0,,,,0.00,0.00,,
vegetable chart for kids,,0,,,,0.00,0.00,,
vegetable chart for kids pdf,,0,,,,0.00,0.00,,
vegetable chips for kids,,0,,,,0.00,0.00,,
vegetable cihos for kids,,0,,,,0.00,0.00,,
vegetable clothes for kids,,0,,,,0.00,0.00,,
vegetable collage for kids,,0,,,,0.00,0.00,,
vegetable coloring book for kids,,0,,,,0.00,0.00,,
vegetable coloring gamesfor kids,,0,,,,0.00,0.00,,
vegetable coloring pages for kids,,0,,,,0.00,0.00,,
vegetable costume for kids,,0,,,,0.00,0.00,,
vegetable costume for kids near me,,0,,,,0.00,0.00,,
vegetable costume kids,,0,,,,0.00,0.00,,
vegetable costumes for kids,,0,,,,0.00,0.00,,
vegetable craft for kids,,0,,,,0.00,0.00,,
vegetable craft for kids painting,,0,,,,0.00,0.00,,
vegetable craft ideas for kids,,0,,,,0.00,0.00,,
vegetable crafts for kids,,0,,,,0.00,0.00,,
vegetable crown for kids,,0,,,,0.00,0.00,,
vegetable crudite ideas for kids,,0,,,,0.00,0.00,,
vegetable cupcakes for kids,,0,,,,0.00,0.00,,
vegetable curry kid friendly,,0,,,,0.00,0.00,,
vegetable curry kids,,0,,,,0.00,0.00,,
vegetable cut outs for kids,,0,,,,0.00,0.00,,
vegetable cutlet for kids,,0,,,,0.00,0.00,,
vegetable cutter for kids,,0,,,,0.00,0.00,,
vegetable cutter kid,,0,,,,0.00,0.00,,
vegetable cutter shapes for kids,,0,,,,0.00,0.00,,
vegetable cutters for kids,,0,,,,0.00,0.00,,
vegetable dancer kids asian,,0,,,,0.00,0.00,,
vegetable decoration for kids,,0,,,,0.00,0.00,,
vegetable decoration ideas for kids,,0,,,,0.00,0.00,,
vegetable decoration ideas for kids in a cup,,0,,,,0.00,0.00,,
vegetable definition for kids,,0,,,,0.00,0.00,,
vegetable dinner for kids,,0,,,,0.00,0.00,,
vegetable dinners for kids,,0,,,,0.00,0.00,,
vegetable dip for kids,,0,,,,0.00,0.00,,
vegetable dip recipe for kids,,0,,,,0.00,0.00,,
vegetable dips for kids,,0,,,,0.00,0.00,,
vegetable dish for kids,,0,,,,0.00,0.00,,
vegetable dishes for kids,,0,,,,0.00,0.00,,
vegetable dishes kids will eat,,0,,,,0.00,0.00,,
vegetable draft for kids painting,,0,,,,0.00,0.00,,
vegetable drawing for kids,,0,,,,0.00,0.00,,
vegetable drawing kids,,0,,,,0.00,0.00,,
vegetable drawings for kids,,0,,,,0.00,0.00,,
vegetable dress for kids,,0,,,,0.00,0.00,,
vegetable drinks for kids,,0,,,,0.00,0.00,,
vegetable dumplings for kids,,0,,,,0.00,0.00,,
vegetable dye for kids paint,,0,,,,0.00,0.00,,
vegetable education for kids,,0,,,,0.00,0.00,,
vegetable egg muffins for kids,,0,,,,0.00,0.00,,
vegetable egg muffins kids,,0,,,,0.00,0.00,,
vegetable face animal kids,,0,,,,0.00,0.00,,
vegetable faces for kids,,0,,,,0.00,0.00,,
vegetable facts for kids,,0,,,,0.00,0.00,,
vegetable fancy dress for kids,,0,,,,0.00,0.00,,
vegetable farm for kids,,0,,,,0.00,0.00,,
vegetable flashcards for kids,,0,,,,0.00,0.00,,
vegetable food for kids,,0,,,,0.00,0.00,,
vegetable food group for kids,,0,,,,0.00,0.00,,
vegetable for kid,,0,,,,0.00,0.00,,
vegetable for kids,,0,,,,0.00,0.00,,
vegetable for kids ideas,,0,,,,0.00,0.00,,
vegetable for kids painting,,0,,,,0.00,0.00,,
vegetable fried rice for kids,,0,,,,0.00,0.00,,
vegetable fried rice kids,,0,,,,0.00,0.00,,
vegetable fritters for kids,,0,,,,0.00,0.00,,
vegetable fritters kids,,0,,,,0.00,0.00,,
vegetable game for kids,,0,,,,0.00,0.00,,
vegetable games for kids,,0,,,,0.00,0.00,,
vegetable gamesfor kids,,0,,,,0.00,0.00,,
vegetable garden coloring pages for kids,,0,,,,0.00,0.00,,
vegetable garden drawing for kids,,0,,,,0.00,0.00,,
vegetable garden for kids,,0,,,,0.00,0.00,,
vegetable garden ideas for kids,,0,,,,0.00,0.00,,
vegetable garden kid,,0,,,,0.00,0.00,,
vegetable garden kids,,0,,,,0.00,0.00,,
vegetable garden kids programme,,0,,,,0.00,0.00,,
vegetable garden t shirts for kids,,0,,,,0.00,0.00,,
vegetable gardening for kids,,0,,,,0.00,0.00,,
vegetable growing for kids,,0,,,,0.00,0.00,,
vegetable growing for kids ideas,,0,,,,0.00,0.00,,
vegetable growing kit for kids,,0,,,,0.00,0.00,,
vegetable growing kits for kids,,0,,,,0.00,0.00,,
vegetable gummies for kids,,0,,,,0.00,0.00,,
vegetable ideas for kids lunch,,0,,,,0.00,0.00,,
vegetable image for kids,,0,,,,0.00,0.00,,
vegetable information for kids,,0,,,,0.00,0.00,,
vegetable instruments for kids,,0,,,,0.00,0.00,,
vegetable juice for kids,,0,,,,0.00,0.00,,
vegetable kabobs for kids,,0,,,,0.00,0.00,,
vegetable kebabs for kids,,0,,,,0.00,0.00,,
vegetable kid,,0,,,,0.00,0.00,,
vegetable kid friendly recipes,,0,,,,0.00,0.00,,
vegetable kid names,,0,,,,0.00,0.00,,
vegetable kid show,,0,,,,0.00,0.00,,
vegetable kid vidoe,,0,,,,0.00,0.00,,
vegetable kids,,0,,,,0.00,0.00,,
vegetable kids book,,0,,,,0.00,0.00,,
vegetable kids drawing,,0,,,,0.00,0.00,,
vegetable kids like,,0,,,,0.00,0.00,,
vegetable kids platter,,0,,,,0.00,0.00,,
vegetable kids recipes,,0,,,,0.00,0.00,,
vegetable kids show,,0,,,,0.00,0.00,,
vegetable kids tv show,,0,,,,0.00,0.00,,
vegetable kids will eat,,0,,,,0.00,0.00,,
vegetable kids youtube,,0,,,,0.00,0.00,,
vegetable lasagna recipe kid friendly,,0,,,,0.00,0.00,,
vegetable lasagna recipe kid-friendly,,0,,,,0.00,0.00,,
vegetable lasagne for kids,,0,,,,0.00,0.00,,
vegetable lasga for kids,,0,,,,0.00,0.00,,
vegetable learning for kids,,0,,,,0.00,0.00,,
vegetable list for kids,,0,,,,0.00,0.00,,
vegetable lunch ideas for kids,,0,,,,0.00,0.00,,
vegetable models for kids,,0,,,,0.00,0.00,,
vegetable muffins kids,,0,,,,0.00,0.00,,
vegetable name for kids,,0,,,,0.00,0.00,,
vegetable names for kids,,0,,,,0.00,0.00,,
vegetable names in english for kids,,0,,,,0.00,0.00,,
vegetable noodle chow mein kids,,0,,,,0.00,0.00,,
vegetable noodle soup for kids,,0,,,,0.00,0.00,,
vegetable noodles for kids,,0,,,,0.00,0.00,,
vegetable nutritious food for kids,,0,,,,0.00,0.00,,
vegetable oil facts for kids,,0,,,,0.00,0.00,,
vegetable oil facts for kids poster,,0,,,,0.00,0.00,,
vegetable omelet muffins for kids recipe,,0,,,,0.00,0.00,,
vegetable omelet muffins for kids recipe ingredients,,0,,,,0.00,0.00,,
vegetable omelette muffins for kids,,0,,,,0.00,0.00,,
vegetable options for kids,,0,,,,0.00,0.00,,
vegetable packed lunch ideas kids,,0,,,,0.00,0.00,,
vegetable paella recipe for kids,,0,,,,0.00,0.00,,
vegetable paint for kids,,0,,,,0.00,0.00,,
vegetable painting for kids,,0,,,,0.00,0.00,,
vegetable painting ideas for kids,,0,,,,0.00,0.00,,
vegetable pancake for kids,,0,,,,0.00,0.00,,
vegetable pancake recipe for kids,,0,,,,0.00,0.00,,
vegetable pancakes for kids,,0,,,,0.00,0.00,,
vegetable pasta bake for kids,,0,,,,0.00,0.00,,
vegetable pasta for kids,,0,,,,0.00,0.00,,
vegetable pasta kids,,0,,,,0.00,0.00,,
vegetable pasta recipe for kids,,0,,,,0.00,0.00,,
vegetable pasta sauce kids,,0,,,,0.00,0.00,,
vegetable pasta sauce recipe for kids,,0,,,,0.00,0.00,,
vegetable pasta spouse kids,,0,,,,0.00,0.00,,
vegetable pasta spuse kids thermomix,,0,,,,0.00,0.00,,
vegetable pasty kids,,0,,,,0.00,0.00,,
vegetable patch for kids,,0,,,,0.00,0.00,,
vegetable patch kids,,0,,,,0.00,0.00,,
vegetable patties for kids,,0,,,,0.00,0.00,,
vegetable patties kids,,0,,,,0.00,0.00,,
vegetable peeler for kids,,0,,,,0.00,0.00,,
vegetable people kids craft,,0,,,,0.00,0.00,,
vegetable picture for kids,,0,,,,0.00,0.00,,
vegetable pictures for kids,,0,,,,0.00,0.00,,
vegetable pin wheel snacks for kids,,0,,,,0.00,0.00,,
vegetable pinwheel snacks for kids,,0,,,,0.00,0.00,,
vegetable platter for kids,,0,,,,0.00,0.00,,
vegetable platter kids party,,0,,,,0.00,0.00,,
vegetable poem for kids,,0,,,,0.00,0.00,,
vegetable poems for kids,,0,,,,0.00,0.00,,
vegetable poster for kids,,0,,,,0.00,0.00,,
vegetable pouches for kids,,0,,,,0.00,0.00,,
vegetable powder kids,,0,,,,0.00,0.00,,
vegetable print art for kids,,0,,,,0.00,0.00,,
vegetable print for kids,,0,,,,0.00,0.00,,
vegetable print out for kids,,0,,,,0.00,0.00,,
vegetable printing activity for kids,,0,,,,0.00,0.00,,
vegetable printing art for kids,,0,,,,0.00,0.00,,
vegetable printing for kids,,0,,,,0.00,0.00,,
vegetable printing ideas for kids,,0,,,,0.00,0.00,,
vegetable printing kids,,0,,,,0.00,0.00,,
vegetable prints for kids,,0,,,,0.00,0.00,,
vegetable project for kids,,0,,,,0.00,0.00,,
vegetable puree for kids,,0,,,,0.00,0.00,,
vegetable puzzle for kids,,0,,,,0.00,0.00,,
vegetable quesadilla for kids,,0,,,,0.00,0.00,,
vegetable questions and answers for kids,,0,,,,0.00,0.00,,
vegetable questions for kids,,0,,,,0.00,0.00,,
vegetable quiz for kids,,0,,,,0.00,0.00,,
vegetable recipe for kids,,0,,,,0.00,0.00,,
vegetable recipes for kids who don t like vegetables,,0,,,,0.00,0.00,,
vegetable recipes kid friendly,,0,,,,0.00,0.00,,
vegetable recipes kids,,0,,,,0.00,0.00,,
vegetable recipes kids love,,0,,,,0.00,0.00,,
vegetable recipes kids will eat,,0,,,,0.00,0.00,,
vegetable replacement for kids,,0,,,,0.00,0.00,,
vegetable rhymes for kids,,0,,,,0.00,0.00,,
vegetable rice for kids,,0,,,,0.00,0.00,,
vegetable rice for kids lunch box,,0,,,,0.00,0.00,,
vegetable rice kids,,0,,,,0.00,0.00,,
vegetable rice recipe kids,,0,,,,0.00,0.00,,
vegetable rice recipe uk kids,,0,,,,0.00,0.00,,
vegetable riddles for kids,,0,,,,0.00,0.00,,
vegetable risotto for kids,,0,,,,0.00,0.00,,
vegetable rissoles kids,,0,,,,0.00,0.00,,
vegetable roll up snacks for kids,,0,,,,0.00,0.00,,
vegetable salad for kids,,0,,,,0.00,0.00,,
vegetable salad for kids',,0,,,,0.00,0.00,,
vegetable salad kids like,,0,,,,0.00,0.00,,
vegetable salad recipe for kids,,0,,,,0.00,0.00,,
vegetable salad recipes for kids,,0,,,,0.00,0.00,,
vegetable salads for kids,,0,,,,0.00,0.00,,
vegetable samosa recipe for kids,,0,,,,0.00,0.00,,
vegetable samosas recipe for kids,,0,,,,0.00,0.00,,
vegetable sandwich for kids,,0,,,,0.00,0.00,,
vegetable sandwich recipe for kids,,0,,,,0.00,0.00,,
vegetable sandwiches for kids,,0,,,,0.00,0.00,,
vegetable sauce kids thermomix,,0,,,,0.00,0.00,,
vegetable seeds for kids,,0,,,,0.00,0.00,,
vegetable set for kids,,0,,,,0.00,0.00,,
vegetable shapes for kids,,0,,,,0.00,0.00,,
vegetable show for kids,,0,,,,0.00,0.00,,
vegetable side dishes for kids,,0,,,,0.00,0.00,,
vegetable side dishes kid friendly,,0,,,,0.00,0.00,,
vegetable side dishes kids will like,,0,,,,0.00,0.00,,
vegetable sides for kids,,0,,,,0.00,0.00,,
vegetable sides kid friendly,,0,,,,0.00,0.00,,
vegetable sides kids will eat,,0,,,,0.00,0.00,,
vegetable skewers for kids,,0,,,,0.00,0.00,,
vegetable smoothie for kids,,0,,,,0.00,0.00,,
vegetable smoothie recipes for kids,,0,,,,0.00,0.00,,
vegetable snack for kids,,0,,,,0.00,0.00,,
vegetable snack ideas for kids,,0,,,,0.00,0.00,,
vegetable snacks for kids recipes,,0,,,,0.00,0.00,,
vegetable snacks for kids recipes indian,,0,,,,0.00,0.00,,
vegetable snacks for kids+recipes,,0,,,,0.00,0.00,,
vegetable song for kid,,0,,,,0.00,0.00,,
vegetable song for kids lyrics,,0,,,,0.00,0.00,,
vegetable song in arabic for kids,,0,,,,0.00,0.00,,
vegetable songs for kids,,0,,,,0.00,0.00,,
vegetable soup for kids,,0,,,,0.00,0.00,,
vegetable soup for kids recipe,,0,,,,0.00,0.00,,
vegetable soup kid friendly,,0,,,,0.00,0.00,,
vegetable soup kids,,0,,,,0.00,0.00,,
vegetable soup recipe for kids,,0,,,,0.00,0.00,,
vegetable soup recipe kid friendly,,0,,,,0.00,0.00,,
vegetable soup recipe kids,,0,,,,0.00,0.00,,
vegetable soup recipes for kids,,0,,,,0.00,0.00,,
vegetable soup wordseach for kids,,0,,,,0.00,0.00,,
vegetable soup wordsearch for kids,,0,,,,0.00,0.00,,
vegetable spring rolls for kids recipe,,0,,,,0.00,0.00,,
vegetable stamping art for kids,,0,,,,0.00,0.00,,
vegetable stamping for kids,,0,,,,0.00,0.00,,
vegetable stamps for kids,,0,,,,0.00,0.00,,
vegetable stew for kids,,0,,,,0.00,0.00,,
vegetable stir fry for kids,,0,,,,0.00,0.00,,
vegetable stir fry that kids will eat,,0,,,,0.00,0.00,,
vegetable stirfry for kids,,0,,,,0.00,0.00,,
vegetable stories for kids,,0,,,,0.00,0.00,,
vegetable story for kids,,0,,,,0.00,0.00,,
vegetable supplements for kids,,0,,,,0.00,0.00,,
vegetable susbstitute for kids,,0,,,,0.00,0.00,,
vegetable sushi for kids,,0,,,,0.00,0.00,,
vegetable t shirts for kids,,0,,,,0.00,0.00,,
vegetable tanned leather sandals kids,,0,,,,0.00,0.00,,
vegetable theme for kids,,0,,,,0.00,0.00,,
vegetable tikki for kids,,0,,,,0.00,0.00,,
vegetable tots for kids,,0,,,,0.00,0.00,,
vegetable toys for kids,,0,,,,0.00,0.00,,
vegetable train for kids,,0,,,,0.00,0.00,,
vegetable tv show kids,,0,,,,0.00,0.00,,
vegetable vitamin for kids,,0,,,,0.00,0.00,,
vegetable vitamins for kids,,0,,,,0.00,0.00,,
vegetable vocabulary for kids,,0,,,,0.00,0.00,,
vegetable waffles for kids,,0,,,,0.00,0.00,,
vegetable washing table kids,,0,,,,0.00,0.00,,
vegetable.dishes that kids will.eat,,0,,,,0.00,0.00,,
vegetables activities for kids,,0,,,,0.00,0.00,,
vegetables activity for kids,,0,,,,0.00,0.00,,
vegetables and fruit foods kids,,0,,,,0.00,0.00,,
vegetables and fruits for kids,,0,,,,0.00,0.00,,
vegetables and fruits toys for kids,,0,,,,0.00,0.00,,
vegetables and kids,,0,,,,0.00,0.00,,
vegetables and weeds photos kids,,0,,,,0.00,0.00,,
vegetables art and craft for kids,,0,,,,0.00,0.00,,
vegetables art for kids,,0,,,,0.00,0.00,,
vegetables book for kids,,0,,,,0.00,0.00,,
vegetables cartoon for kids,,0,,,,0.00,0.00,,
vegetables cartoon images for kids,,0,,,,0.00,0.00,,
vegetables chart for kids,,0,,,,0.00,0.00,,
vegetables chart kids,,0,,,,0.00,0.00,,
vegetables chart printable kids,,0,,,,0.00,0.00,,
vegetables coloring pages for kids,,0,,,,0.00,0.00,,
vegetables crafts for kids,,0,,,,0.00,0.00,,
vegetables definition for kids,,0,,,,0.00,0.00,,
vegetables definition kids,,0,,,,0.00,0.00,,
vegetables drawing for kid,,0,,,,0.00,0.00,,
vegetables drawing for kids,,0,,,,0.00,0.00,,
vegetables exercise for kids,,0,,,,0.00,0.00,,
vegetables facts for kids,,0,,,,0.00,0.00,,
vegetables flash cards for kids,,0,,,,0.00,0.00,,
vegetables flashcards for kids,,0,,,,0.00,0.00,,
vegetables for autistic kids,,0,,,,0.00,0.00,,
vegetables for kid,,0,,,,0.00,0.00,,
vegetables for kids aubergine,,0,,,,0.00,0.00,,
vegetables for kids lunch,,0,,,,0.00,0.00,,
vegetables for kids lunch box,,0,,,,0.00,0.00,,
vegetables for kids lunches,,0,,,,0.00,0.00,,
vegetables for kids recipes,,0,,,,0.00,0.00,,
vegetables for kids to grow,,0,,,,0.00,0.00,,
vegetables for kids to try,,0,,,,0.00,0.00,,
vegetables for kids tomatoes,,0,,,,0.00,0.00,,
vegetables for kids who don't like vegetables,,0,,,,0.00,0.00,,
vegetables for kids with braces,,0,,,,0.00,0.00,,
vegetables for nursery kids,,0,,,,0.00,0.00,,
vegetables for picky eaters kids,,0,,,,0.00,0.00,,
vegetables for picky kids,,0,,,,0.00,0.00,,
vegetables for.kids,,0,,,,0.00,0.00,,
vegetables games for kids,,0,,,,0.00,0.00,,
vegetables good for kids,,0,,,,0.00,0.00,,
vegetables ideas for kids,,0,,,,0.00,0.00,,
vegetables identification for kids,,0,,,,0.00,0.00,,
vegetables image for kids,,0,,,,0.00,0.00,,
vegetables images for kids,,0,,,,0.00,0.00,,
vegetables in english for kids,,0,,,,0.00,0.00,,
vegetables information for kids,,0,,,,0.00,0.00,,
vegetables kid show,,0,,,,0.00,0.00,,
vegetables kids,,0,,,,0.00,0.00,,
vegetables kids don't like,,0,,,,0.00,0.00,,
vegetables kids drawing,,0,,,,0.00,0.00,,
vegetables kids eat,,0,,,,0.00,0.00,,
vegetables kids hate,,0,,,,0.00,0.00,,
vegetables kids like,,0,,,,0.00,0.00,,
vegetables kids like to eat,,0,,,,0.00,0.00,,
vegetables kids love,,0,,,,0.00,0.00,,
vegetables kids show,,0,,,,0.00,0.00,,
vegetables learning for kids,,0,,,,0.00,0.00,,
vegetables list for kids,,0,,,,0.00,0.00,,
vegetables list for kids esl,,0,,,,0.00,0.00,,
vegetables muffins for kids,,0,,,,0.00,0.00,,
vegetables name for kids,,0,,,,0.00,0.00,,
vegetables name in english for kids,,0,,,,0.00,0.00,,
vegetables name with picture for kids,,0,,,,0.00,0.00,,
vegetables names for kids,,0,,,,0.00,0.00,,
vegetables names kids,,0,,,,0.00,0.00,,
vegetables painting for kids,,0,,,,0.00,0.00,,
vegetables pdf for kids,,0,,,,0.00,0.00,,
vegetables pic for kids,,0,,,,0.00,0.00,,
vegetables pics for kids,,0,,,,0.00,0.00,,
vegetables pictures for kids,,0,,,,0.00,0.00,,
vegetables pictures for kids to colour,,0,,,,0.00,0.00,,
vegetables platter kids,,0,,,,0.00,0.00,,
vegetables ppt for kids,,0,,,,0.00,0.00,,
vegetables quiz for kids,,0,,,,0.00,0.00,,
vegetables recipe for kids,,0,,,,0.00,0.00,,
vegetables recipes for kids,,0,,,,0.00,0.00,,
vegetables salad for kids,,0,,,,0.00,0.00,,
vegetables snacks for kids,,0,,,,0.00,0.00,,
vegetables song for kid,,0,,,,0.00,0.00,,
vegetables song for kids,,0,,,,0.00,0.00,,
vegetables song for kids lyrics,,0,,,,0.00,0.00,,
vegetables song kids,,0,,,,0.00,0.00,,
vegetables song kids picture,,0,,,,0.00,0.00,,
vegetables soup kids,,0,,,,0.00,0.00,,
vegetables soup recipes for kids,,0,,,,0.00,0.00,,
vegetables template kids,,0,,,,0.00,0.00,,
vegetables that kids hate,,0,,,,0.00,0.00,,
vegetables that kids like,,0,,,,0.00,0.00,,
vegetables that kids love,,0,,,,0.00,0.00,,
vegetables that kids usually hate,,0,,,,0.00,0.00,,
vegetables that kids will eat,,0,,,,0.00,0.00,,
vegetables that kids will like,,0,,,,0.00,0.00,,
vegetables that start with dmfor kids,,0,,,,0.00,0.00,,
vegetables to draw for kids,,0,,,,0.00,0.00,,
vegetables to grow with kids,,0,,,,0.00,0.00,,
vegetables toys for kids,,0,,,,0.00,0.00,,
vegetables.for.kids,,0,,,,0.00,0.00,,
vegetation definition for kids,,0,,,,0.00,0.00,,
vegetation for kids,,0,,,,0.00,0.00,,
vegetation in a sentence for kids,,0,,,,0.00,0.00,,
vegetation meaning kids,,0,,,,0.00,0.00,,
vegetation on the beach facts for kids,,0,,,,0.00,0.00,,
vintage vegetable kids book,,0,,,,0.00,0.00,,
vitamins for kids that don t eat vegetables,,0,,,,0.00,0.00,,
vitamins for kids that don't eat vegetables,,0,,,,0.00,0.00,,
vitamins for kids that dont eat vegetables,,0,,,,0.00,0.00,,
vitamins for kids who don t eat vegetables,,0,,,,0.00,0.00,,
vitamins for kids who don't eat vegetables,,0,,,,0.00,0.00,,
vitamins for kids who dont eat vegetables,,0,,,,0.00,0.00,,
ways to get kids to eat vegetables,,0,,,,0.00,0.00,,
ways to get your kid to eat vegetables,,0,,,,0.00,0.00,,
ways to hide vegetables in food for kids,,0,,,,0.00,0.00,,
what do fruit and vegetables do to you kids,,0,,,,0.00,0.00,,
what does vegetation mean for kids,,0,,,,0.00,0.00,,
what does vegetation mean kid friendly,,0,,,,0.00,0.00,,
what happens if kids don t eat vegetables,,0,,,,0.00,0.00,,
what happens if kids don't eat vegetables,,0,,,,0.00,0.00,,
what happens to kids who dont eat vegetables,,0,,,,0.00,0.00,,
what is a vegetation belt for kids,,0,,,,0.00,0.00,,
what is a vegetation for kids,,0,,,,0.00,0.00,,
what is the difference between fruit and vegetables for kids,,0,,,,0.00,0.00,,
what is the difference between fruits and vegetables for kids,,0,,,,0.00,0.00,,
what is the vegetation of czech republic for kids,,0,,,,0.00,0.00,,
what is vegetation for kids,,0,,,,0.00,0.00,,
what percentage of kids eat vegetables,,0,,,,0.00,0.00,,
what vegetables are good for kids,,0,,,,0.00,0.00,,
what vegetables do kids like,,0,,,,0.00,0.00,,
what vegetables do kids like the most,,0,,,,0.00,0.00,,
when can kids eat raw vegetables,,0,,,,0.00,0.00,,
which vegetables do kids hate the most,,0,,,,0.00,0.00,,
who did mcdonald's create to make kids eat vegetables,,0,,,,0.00,0.00,,
why are fruits and vegetables nutritious for kids,,0,,,,0.00,0.00,,
why are vegetables good for kids,,0,,,,0.00,0.00,,
why are vegetables healthy for kids,,0,,,,0.00,0.00,,
why do catholic nuns force feed kids vegetables,,0,,,,0.00,0.00,,
why do kids dislike vegetables,,0,,,,0.00,0.00,,
why do kids need fruit and vegetables,,0,,,,0.00,0.00,,
why do kids not eat vegetables,,0,,,,0.00,0.00,,
why do kids not like vegetables,,0,,,,0.00,0.00,,
why do most kids hate vegetables,,0,,,,0.00,0.00,,
why don t kids like vegetables,,0,,,,0.00,0.00,,
why don't kids eat vegetables,,0,,,,0.00,0.00,,
why don't kids like vegetables,,0,,,,0.00,0.00,,
why dont kids like vegetables,,0,,,,0.00,0.00,,
why eating vegetables is healthy for kids,,0,,,,0.00,0.00,,
why is fruits and vegetables are impornat for kids,,0,,,,0.00,0.00,,
why kids don t like vegetables,,0,,,,0.00,0.00,,
why kids don't like vegetables,,0,,,,0.00,0.00,,
why kids dont like vegetables,,0,,,,0.00,0.00,,
why kids hate vegetables,,0,,,,0.00,0.00,,
why should kids eat vegetables,,0,,,,0.00,0.00,,
why wont kids eat vegetables,,0,,,,0.00,0.00,,
winter vegetables for kids,,0,,,,0.00,0.00,,
wondergrove kids where do fruits and vegetables come from,,0,,,,0.00,0.00,,
yogurt with vegetables for kids,,0,,,,0.00,0.00,,
youtube kids cutting vegetables,,0,,,,0.00,0.00,,
zucchini vegetables for kids,,0,,,,0.00,0.00,,
