Keyword,Intent,Volume,Keyword Difficulty,CPC (GBP),Competitive Density,SERP Features
vegetable muffins for toddlers,,90,,0.00,0.00,
toddler vegetable recipes,,30,,0.00,0.00,
toddler won't eat vegetables,,30,,0.00,0.00,
vegetables for toddlers,,30,,0.00,0.00,
how to get toddlers to eat vegetables,,20,,0.00,0.00,
recipes for toddlers who hate vegetables,,20,,0.00,0.00,
vegetable waffles for toddlers,,20,,0.00,0.00,
best vegetables for toddlers brain development,,10,,0.00,0.00,
hidden vegetable recipes for toddlers,,10,,0.00,0.00,
hidden vegetable recipes toddlers,,10,,0.00,0.00,
how to get a toddler to eat vegetables,,10,,0.00,0.00,
how to get my toddler to eat vegetables,,10,,0.00,0.00,
telepgaph toddlers vegetables,,10,,0.00,0.00,
toddler vegetable fritters,,10,,0.00,0.00,
toddler vegetable muffins,,10,,0.00,0.00,
toddler vegetable pasta sauce,,10,,0.00,0.00,
vegetable biscuits for toddlers,,10,,0.00,0.00,
vegetable curry for toddlers,,10,,0.00,0.00,
vegetable frittata for toddlers,,10,,0.00,0.00,
vegetable fritters for toddlers,,10,,0.00,0.00,
vegetable fritters toddler,,10,,0.00,0.00,
vegetable muffins toddler,,10,,0.00,0.00,
vegetable pancakes for toddlers,,10,,0.00,0.00,
vegetable patties for toddlers,,10,,0.00,0.00,
vegetable recipes for toddlers,,10,,0.00,0.00,
vegetable risotto for toddlers,,10,,0.00,0.00,
vegetable snacks for toddlers,,10,,0.00,0.00,
2 yr toddler vegetable intake per day,,0,,0.00,0.00,
annabel karmel toddler vegetables,,0,,0.00,0.00,
autumn vegetables activities for toddlers,,0,,0.00,0.00,
best canned vegetables for toddlers,,0,,0.00,0.00,
best frozen vegetables for toddlers,,0,,0.00,0.00,
best fruits and vegetables for toddlers,,0,,0.00,0.00,
best raw vegetables for toddlers,,0,,0.00,0.00,
best toddler puffs with fruits and vegetables recommendations,,0,,0.00,0.00,
best toddler vegetable recipes,,0,,0.00,0.00,
best toddler vegetable soup,,0,,0.00,0.00,
best toddler vegetables,,0,,0.00,0.00,
best vegetable for toddlers,,0,,0.00,0.00,
best vegetable recipes for toddlers,,0,,0.00,0.00,
best vegetables for toddler,,0,,0.00,0.00,
best vegetables for toddlers,,0,,0.00,0.00,
best vegetables for toddlers to eat,,0,,0.00,0.00,
best vegetables for toddlers to grow,,0,,0.00,0.00,
best vegetables to grow with toddlers,,0,,0.00,0.00,
best way to get toddler to eat vegetables,,0,,0.00,0.00,
best way to get toddlers to eat vegetables,,0,,0.00,0.00,
best ways to get toddlers to eat vegetables,,0,,0.00,0.00,
best ways to hide vegetables in food for toddlers,,0,,0.00,0.00,
blended vegetable soup toddler,,0,,0.00,0.00,
books about vegetables toddlers,,0,,0.00,0.00,
can a toddler eat too many vegetables,,0,,0.00,0.00,
can toddlers eat frozen vegetables,,0,,0.00,0.00,
can toddlers eat raw vegetables,,0,,0.00,0.00,
can't get toddler to eat vegetables,,0,,0.00,0.00,
chicken and vegetable casserole for toddlers,,0,,0.00,0.00,
chicken and vegetable patties for toddlers,,0,,0.00,0.00,
chicken and vegetable recipes for toddlers,,0,,0.00,0.00,
chicken and vegetable risotto for toddlers,,0,,0.00,0.00,
chicken and vegetable soup for toddlers,,0,,0.00,0.00,
chicken rice vegetables toddler,,0,,0.00,0.00,
chicken vegetable soup toddler,,0,,0.00,0.00,
common nutrient deficiencies in toddlers who don t eat vegetables,,0,,0.00,0.00,
common nutrient deficiencies in toddlers who don't eat vegetables,,0,,0.00,0.00,
common toddler vegetable allergies,,0,,0.00,0.00,
creamy vegetable pasta for toddlers,,0,,0.00,0.00,
creamy vegetable soup toddler,,0,,0.00,0.00,
crunchy vegetables for toddlers,,0,,0.00,0.00,
disguising vegetables for toddlers,,0,,0.00,0.00,
easy toddler recipes with vegetables,,0,,0.00,0.00,
easy toddler vegetables,,0,,0.00,0.00,
easy vegetable fritters for toddlers,,0,,0.00,0.00,
easy vegetable muffins for toddlers,,0,,0.00,0.00,
easy vegetable recipes for toddlers,,0,,0.00,0.00,
easy vegetable sides for toddlers,,0,,0.00,0.00,
easy vegetable soup for toddlers,,0,,0.00,0.00,
easy vegetables for toddlers,,0,,0.00,0.00,
easy vegetables for toddlers to grow,,0,,0.00,0.00,
egg and roast vegetables dinner recipes toddlers,,0,,0.00,0.00,
family vegetable curry toddler friendly,,0,,0.00,0.00,
feeding fussy toddlers vegetables,,0,,0.00,0.00,
freeze dried vegetables for toddlers,,0,,0.00,0.00,
frozen vegetables for toddlers,,0,,0.00,0.00,
fruit and vegetable activities for toddlers,,0,,0.00,0.00,
fruit and vegetable art activities for toddlers,,0,,0.00,0.00,
fruit and vegetable art for toddlers,,0,,0.00,0.00,
fruit and vegetable books for toddlers,,0,,0.00,0.00,
fruit and vegetable ideas for toddlers,,0,,0.00,0.00,
fruit and vegetable juice recipes for toddlers,,0,,0.00,0.00,
fruit and vegetable recipes for toddlers,,0,,0.00,0.00,
fruit and vegetable smoothie for toddlers,,0,,0.00,0.00,
fruit and vegetable smoothie recipes for toddlers,,0,,0.00,0.00,
fruit and vegetable smoothies for toddlers,,0,,0.00,0.00,
fruit and vegetable songs for toddlers,,0,,0.00,0.00,
fruit and vegetable supplements for toddlers,,0,,0.00,0.00,
fruit and vegetables activities for toddlers,,0,,0.00,0.00,
fruit and vegetables for toddlers,,0,,0.00,0.00,
fruits and vegetables activities for toddlers,,0,,0.00,0.00,
fruits and vegetables for toddlers,,0,,0.00,0.00,
fruits and vegetables high in fiber for toddlers,,0,,0.00,0.00,
fruits and vegetables songs for toddlers,,0,,0.00,0.00,
fruits and vegetables toddler activities,,0,,0.00,0.00,
fruits and vegetables toys for toddlers,,0,,0.00,0.00,
fruti and veg pouch vegetables toddlers uk,,0,,0.00,0.00,
fun vegetable dishes for toddlers,,0,,0.00,0.00,
fun vegetables for toddlers,,0,,0.00,0.00,
fussy toddler won t eat vegetables,,0,,0.00,0.00,
get toddler to eat vegetables,,0,,0.00,0.00,
get toddlers to eat vegetables,,0,,0.00,0.00,
getting a toddler to eat vegetables,,0,,0.00,0.00,
getting toddler to eat fruit and vegetables,,0,,0.00,0.00,
getting toddler to eat vegetables,,0,,0.00,0.00,
getting toddlers to eat green vegetables,,0,,0.00,0.00,
getting toddlers to eat vegetables,,0,,0.00,0.00,
getting toddlers to eat vegetables recipes,,0,,0.00,0.00,
getting vegetables into toddlers,,0,,0.00,0.00,
good proportion meat vegetables toddler,,0,,0.00,0.00,
good toddler vegetables,,0,,0.00,0.00,
good vegetables for toddlers,,0,,0.00,0.00,
great vegetable recipes for toddlers,,0,,0.00,0.00,
green leafy vegetables for toddlers,,0,,0.00,0.00,
green vegetable recipes for toddlers,,0,,0.00,0.00,
green vegetables for toddlers,,0,,0.00,0.00,
growing vegetable soup toddler activities,,0,,0.00,0.00,
growing vegetables with toddlers,,0,,0.00,0.00,
hape toddler vegetable basket,,0,,0.00,0.00,
healthiest vegetables for toddlers,,0,,0.00,0.00,
healthy rice with vegetables for toddlers,,0,,0.00,0.00,
healthy toddler meals with hidden vegetables,,0,,0.00,0.00,
healthy vegetable biscuits toddler,,0,,0.00,0.00,
healthy vegetable dishes for toddlers,,0,,0.00,0.00,
healthy vegetable muffins for toddlers,,0,,0.00,0.00,
healthy vegetable recipes for toddlers,,0,,0.00,0.00,
healthy vegetable smoothies for toddlers,,0,,0.00,0.00,
healthy vegetable snacks for toddlers,,0,,0.00,0.00,
healthy vegetables for toddlers,,0,,0.00,0.00,
hearty vegetable & beef casserole toddlers,,0,,0.00,0.00,
help to get toddler eat vegetables,,0,,0.00,0.00,
help with toddler constipation not fruit or vegetables,,0,,0.00,0.00,
hidden vegetable meals for toddlers,,0,,0.00,0.00,
hidden vegetable pasta sauce for toddlers,,0,,0.00,0.00,
hidden vegetable pasta sauce toddler,,0,,0.00,0.00,
hidden vegetable pasta sauce toddlers,,0,,0.00,0.00,
hidden vegetable toddler recipes,,0,,0.00,0.00,
hidden vegetables for toddlers,,0,,0.00,0.00,
hide vegetables in food for toddlers,,0,,0.00,0.00,
hiding vegetables for toddlers,,0,,0.00,0.00,
hiding vegetables in food for toddlers,,0,,0.00,0.00,
hiding vegetables in toddler food,,0,,0.00,0.00,
high fiber fruits and vegetables for toddlers,,0,,0.00,0.00,
high fiber vegetables for toddlers,,0,,0.00,0.00,
homemade vegetable crisps for toddlers,,0,,0.00,0.00,
how can i get my toddler to eat more vegetables,,0,,0.00,0.00,
how can i get my toddler to eat vegetables,,0,,0.00,0.00,
how do i get my toddler to eat vegetables,,0,,0.00,0.00,
how many fruits and vegetables per day for toddlers,,0,,0.00,0.00,
how many servings of vegetables a day for toddlers,,0,,0.00,0.00,
how much is a serving of vegetables for a toddler,,0,,0.00,0.00,
how much vegetables should toddler eat,,0,,0.00,0.00,
how to add vegetables to toddlers diet,,0,,0.00,0.00,
how to cook vegetables for toddlers,,0,,0.00,0.00,
how to cut fruit and vegetables for toddlers,,0,,0.00,0.00,
how to disguise vegetables for toddler,,0,,0.00,0.00,
how to disguise vegetables for toddlers,,0,,0.00,0.00,
how to encourage toddler to eat vegetables,,0,,0.00,0.00,
how to encourage toddlers to eat vegetables,,0,,0.00,0.00,
how to feed a picky toddler vegetables,,0,,0.00,0.00,
how to feed a toddler vegetables,,0,,0.00,0.00,
how to feed toddler vegetables,,0,,0.00,0.00,
how to feed vegetables to toddler,,0,,0.00,0.00,
how to get a picky toddler to eat vegetables,,0,,0.00,0.00,
how to get a toddler interested in vegetables,,0,,0.00,0.00,
how to get fussy toddler to eat vegetables,,0,,0.00,0.00,
how to get fussy toddlers to eat vegetables,,0,,0.00,0.00,
how to get more vegetables in my toddler's diet,,0,,0.00,0.00,
how to get more vegetables in toddler diet,,0,,0.00,0.00,
how to get my toddler to eat fruits and vegetables,,0,,0.00,0.00,
how to get picky toddler to eat vegetables,,0,,0.00,0.00,
how to get picky toddlers to eat vegetables,,0,,0.00,0.00,
how to get toddler eat vegetables,,0,,0.00,0.00,
how to get toddler eating vegetables,,0,,0.00,0.00,
how to get toddler to eat fruit and vegetables,,0,,0.00,0.00,
how to get toddler to eat fruits and vegetables,,0,,0.00,0.00,
how to get toddler to eat green vegetables,,0,,0.00,0.00,
how to get toddler to eat meat and vegetables,,0,,0.00,0.00,
how to get toddler to eat more fruits and vegetables,,0,,0.00,0.00,
how to get toddler to eat more vegetables,,0,,0.00,0.00,
how to get toddler to eat vegetables,,0,,0.00,0.00,
how to get toddler to eat vegetables uk,,0,,0.00,0.00,
how to get toddlers to eat fruit and vegetables,,0,,0.00,0.00,
how to get toddlers to eat more vegetables,,0,,0.00,0.00,
how to get vegetables in toddlers,,0,,0.00,0.00,
how to get vegetables into toddler meals,,0,,0.00,0.00,
how to get vegetables into toddlers,,0,,0.00,0.00,
how to get vegetables into toddlers diet,,0,,0.00,0.00,
how to get your toddler to eat fruits and vegetables,,0,,0.00,0.00,
how to get your toddler to eat more vegetables,,0,,0.00,0.00,
how to get your toddler to eat vegetables,,0,,0.00,0.00,
how to get your toddler to eat vegetables recipes,,0,,0.00,0.00,
how to get your toddlers to eat vegetables,,0,,0.00,0.00,
how to give toddlers vegetables,,0,,0.00,0.00,
how to give vegetables to toddlers,,0,,0.00,0.00,
how to hide vegetables for toddlers,,0,,0.00,0.00,
how to hide vegetables in food for toddlers,,0,,0.00,0.00,
how to hide vegetables in toddler food,,0,,0.00,0.00,
how to hide vegetables in toddlers food,,0,,0.00,0.00,
how to include vegetables in toddler diet,,0,,0.00,0.00,
how to incorporate vegetables into toddler diet,,0,,0.00,0.00,
how to introduce vegetables to toddler,,0,,0.00,0.00,
how to introduce vegetables to toddlers,,0,,0.00,0.00,
how to learn vegetables for toddlers,,0,,0.00,0.00,
how to make a toddler eat vegetables,,0,,0.00,0.00,
how to make my toddler eat fruits and vegetables,,0,,0.00,0.00,
how to make my toddler eat vegetables,,0,,0.00,0.00,
how to make toddler eat vegetables,,0,,0.00,0.00,
how to make toddlers eat vegetables,,0,,0.00,0.00,
how to make vegetable smoothies for toddlers,,0,,0.00,0.00,
how to make vegetable soup for toddlers,,0,,0.00,0.00,
how to make vegetables appealing to toddlers,,0,,0.00,0.00,
how to make vegetables for toddlers,,0,,0.00,0.00,
how to make vegetables fun for toddlers,,0,,0.00,0.00,
how to make vegetables more appealing to toddlers,,0,,0.00,0.00,
how to make vegetables taste good for toddlers,,0,,0.00,0.00,
how to make your toddler eat vegetables,,0,,0.00,0.00,
how to prepare vegetables for toddlers,,0,,0.00,0.00,
how to serve toddlers vegetables,,0,,0.00,0.00,
how to serve vegetables to toddlers,,0,,0.00,0.00,
how to sneak vegetables into food for toddlers,,0,,0.00,0.00,
how to sneak vegetables into toddler food,,0,,0.00,0.00,
how to sneak vegetables into toddler meals,,0,,0.00,0.00,
how to sneak vegetables into toddlers food,,0,,0.00,0.00,
how to teach toddler to eat vegetables,,0,,0.00,0.00,
how to trick toddler into eating vegetables,,0,,0.00,0.00,
how to trick your toddler into eating vegetables,,0,,0.00,0.00,
how you make a toddler eat vegetables,,0,,0.00,0.00,
indian vegetable soup for toddlers,,0,,0.00,0.00,
is home made vegetable soup ok for a toddler,,0,,0.00,0.00,
is it vegetable stock good for toddlers,,0,,0.00,0.00,
learn vegetables for toddlers,,0,,0.00,0.00,
learning fruits and vegetables for toddlers,,0,,0.00,0.00,
lentil vegetable soup toddler,,0,,0.00,0.00,
list of vegetables for toddlers,,0,,0.00,0.00,
mashed vegetables for toddlers,,0,,0.00,0.00,
meatballs with vegetables for toddlers,,0,,0.00,0.00,
mild vegetable curry for toddlers,,0,,0.00,0.00,
mixed vegetable curry for toddlers,,0,,0.00,0.00,
mixed vegetable rice for toddlers,,0,,0.00,0.00,
mixed vegetable soup for toddlers,,0,,0.00,0.00,
mixed vegetables savoury muffin toddler,,0,,0.00,0.00,
most important vegetables for toddlers,,0,,0.00,0.00,
mrs peanuckle's vegetable alphabet toddler,,0,,0.00,0.00,
muffins for toddlers with vegetables,,0,,0.00,0.00,
muffins with vegetables for toddlers,,0,,0.00,0.00,
my toddler doesn t eat vegetables,,0,,0.00,0.00,
my toddler doesn't eat vegetables,,0,,0.00,0.00,
my toddler has stopped eating vegetables,,0,,0.00,0.00,
my toddler only eats fruit and vegetables,,0,,0.00,0.00,
my toddler refuses to eat vegetables,,0,,0.00,0.00,
my toddler will not eat vegetables,,0,,0.00,0.00,
my toddler will only eat fruit and vegetables,,0,,0.00,0.00,
my toddler won t eat any fruit or vegetables,,0,,0.00,0.00,
my toddler won t eat fruit or vegetables,,0,,0.00,0.00,
my toddler won t eat vegetables,,0,,0.00,0.00,
my toddler won t eat vegetables or fruit,,0,,0.00,0.00,
my toddler won't eat any fruit or vegetables,,0,,0.00,0.00,
my toddler won't eat fruit or vegetables,,0,,0.00,0.00,
my toddler won't eat meat or vegetables,,0,,0.00,0.00,
my toddler won't eat vegetables,,0,,0.00,0.00,
my toddler won't eat vegetables or meat,,0,,0.00,0.00,
my toddler wont eat fruit or vegetables,,0,,0.00,0.00,
my toddler wont eat vegetables,,0,,0.00,0.00,
okay to give toddler bowl of vegetables,,0,,0.00,0.00,
picky toddler vegetable recipes,,0,,0.00,0.00,
pictures of fruits and vegetables for toddlers,,0,,0.00,0.00,
play fruits and vegetables for toddlers,,0,,0.00,0.00,
play vegetables for toddlers,,0,,0.00,0.00,
preschool vegetables for toddlers,,0,,0.00,0.00,
quinoa with vegetables for toddlers,,0,,0.00,0.00,
raw vegetables for toddlers,,0,,0.00,0.00,
raw vegetables toddler,,0,,0.00,0.00,
recipes for toddlers that don't like vegetables,,0,,0.00,0.00,
recipes for toddlers that hide vegetables,,0,,0.00,0.00,
recipes for toddlers to eat vegetables,,0,,0.00,0.00,
recipes for toddlers who don t eat vegetables,,0,,0.00,0.00,
recipes for toddlers who don't eat vegetables,,0,,0.00,0.00,
recipes for toddlers who hate vegetables uk,,0,,0.00,0.00,
recipes for toddlers who won t eat vegetables,,0,,0.00,0.00,
recipes for toddlers who won't eat vegetables,,0,,0.00,0.00,
recipes for toddlers with hidden vegetables,,0,,0.00,0.00,
recipes to get toddler to eat vegetables,,0,,0.00,0.00,
recipes to get toddlers to eat vegetables,,0,,0.00,0.00,
recipes to get your toddler to eat vegetables,,0,,0.00,0.00,
recipes to hide vegetables for toddlers,,0,,0.00,0.00,
recipes to hide vegetables in food for toddlers,,0,,0.00,0.00,
recipes toddler vegetables,,0,,0.00,0.00,
recipes with hidden vegetables for toddlers,,0,,0.00,0.00,
rice and vegetable recipes for toddlers,,0,,0.00,0.00,
rice with vegetables for toddlers,,0,,0.00,0.00,
roasted vegetables for toddlers,,0,,0.00,0.00,
roasted vegetables recipe toddler,,0,,0.00,0.00,
roasted vegetables toddler,,0,,0.00,0.00,
root vegetable mash toddler,,0,,0.00,0.00,
savoury vegetable muffins for toddlers,,0,,0.00,0.00,
simple vegetable soup for toddlers,,0,,0.00,0.00,
smoothie recipes for toddlers with vegetables,,0,,0.00,0.00,
smoothies for toddlers who won t eat vegetables,,0,,0.00,0.00,
smoothies for toddlers who won't eat vegetables,,0,,0.00,0.00,
smoothies with vegetables for toddlers,,0,,0.00,0.00,
sneak vegetables into toddlers food,,0,,0.00,0.00,
sneaking vegetables into toddler food,,0,,0.00,0.00,
sneaking vegetables into toddler meals,,0,,0.00,0.00,
sneaky vegetable recipes for toddlers,,0,,0.00,0.00,
soft vegetables for toddlers,,0,,0.00,0.00,
songs about fruits and vegetables for toddlers,,0,,0.00,0.00,
songs about vegetables for toddlers,,0,,0.00,0.00,
spicey root vegetable dish for a toddler,,0,,0.00,0.00,
stir fry vegetables for toddlers,,0,,0.00,0.00,
supplements for toddlers who won t eat vegetables,,0,,0.00,0.00,
supplements for toddlers who won't eat vegetables,,0,,0.00,0.00,
sweet vegetables for toddlers,,0,,0.00,0.00,
tasty vegetable soup for toddlers,,0,,0.00,0.00,
tasty vegetables for toddlers,,0,,0.00,0.00,
tinned vegetable toddler,,0,,0.00,0.00,
toddler books about vegetables,,0,,0.00,0.00,
toddler chopping vegetables,,0,,0.00,0.00,
toddler cutting vegetables,,0,,0.00,0.00,
toddler dinner recipes with hidden vegetables,,0,,0.00,0.00,
toddler doesn t eat vegetables,,0,,0.00,0.00,
toddler doesn't eat fruit or vegetables,,0,,0.00,0.00,
toddler doesn't eat vegetables,,0,,0.00,0.00,
toddler doesn't like vegetables,,0,,0.00,0.00,
toddler doesn't want to eat vegetables,,0,,0.00,0.00,
toddler doesnt eat vegetables,,0,,0.00,0.00,
toddler doesnt like vegetables,,0,,0.00,0.00,
toddler eat more fat than vegetables webmd,,0,,0.00,0.00,
toddler eat vegetables,,0,,0.00,0.00,
toddler eating fruits and vegetables,,0,,0.00,0.00,
toddler eating vegetables,,0,,0.00,0.00,
toddler eats fruit but not vegetables,,0,,0.00,0.00,
toddler egg muffins with vegetables,,0,,0.00,0.00,
toddler food vegetable recipes,,0,,0.00,0.00,
toddler food with hidden vegetables,,0,,0.00,0.00,
toddler friendly chunky vegetable soup,,0,,0.00,0.00,
toddler friendly meals with vegetables,,0,,0.00,0.00,
toddler friendly vegetable peeler,,0,,0.00,0.00,
toddler friendly vegetable recipes,,0,,0.00,0.00,
toddler friendly vegetable soup,,0,,0.00,0.00,
toddler friendly vegetables,,0,,0.00,0.00,
toddler fritters vegetable,,0,,0.00,0.00,
toddler fruits and vegetables,,0,,0.00,0.00,
toddler growning vegetables,,0,,0.00,0.00,
toddler hates vegetables,,0,,0.00,0.00,
toddler healthy muffins vegetable,,0,,0.00,0.00,
toddler hidden vegetable recipes,,0,,0.00,0.00,
toddler meals vegetables,,0,,0.00,0.00,
toddler meals with hidden vegetables,,0,,0.00,0.00,
toddler meals with vegetables,,0,,0.00,0.00,
toddler meatballs with vegetables,,0,,0.00,0.00,
toddler muffins vegetables,,0,,0.00,0.00,
toddler muffins with vegetables,,0,,0.00,0.00,
toddler not eating fruits vegetables,,0,,0.00,0.00,
toddler not eating vegetables,,0,,0.00,0.00,
toddler only eats fruit and vegetables,,0,,0.00,0.00,
toddler recipes hidden vegetables,,0,,0.00,0.00,
toddler recipes to hide vegetables,,0,,0.00,0.00,
toddler recipes vegetables,,0,,0.00,0.00,
toddler recipes with hidden vegetables,,0,,0.00,0.00,
toddler recipes with vegetables,,0,,0.00,0.00,
toddler refuses fruit and vegetables,,0,,0.00,0.00,
toddler refuses to eat fruit and vegetables,,0,,0.00,0.00,
toddler refuses to eat vegetables,,0,,0.00,0.00,
toddler refuses vegetables,,0,,0.00,0.00,
toddler refusing to eat vegetables,,0,,0.00,0.00,
toddler refusing vegetables,,0,,0.00,0.00,
toddler serving size vegetables,,0,,0.00,0.00,
toddler smoothies vegetables,,0,,0.00,0.00,
toddler snack free of vegetable oil,,0,,0.00,0.00,
toddler stopped eating vegetables,,0,,0.00,0.00,
toddler suddenly spitting vegetables out,,0,,0.00,0.00,
toddler superfood vegetable,,0,,0.00,0.00,
toddler toy vegetables,,0,,0.00,0.00,
toddler vegetable,,0,,0.00,0.00,
toddler vegetable basket,,0,,0.00,0.00,
toddler vegetable charts printable,,0,,0.00,0.00,
toddler vegetable costume,,0,,0.00,0.00,
toddler vegetable cottage pie,,0,,0.00,0.00,
toddler vegetable curry,,0,,0.00,0.00,
toddler vegetable curry recipe,,0,,0.00,0.00,
toddler vegetable finger food recipes,,0,,0.00,0.00,
toddler vegetable fritter,,0,,0.00,0.00,
toddler vegetable garden,,0,,0.00,0.00,
toddler vegetable ideas,,0,,0.00,0.00,
toddler vegetable meals,,0,,0.00,0.00,
toddler vegetable muffin recipes,,0,,0.00,0.00,
toddler vegetable nuggets,,0,,0.00,0.00,
toddler vegetable pancakes,,0,,0.00,0.00,
toddler vegetable pasta,,0,,0.00,0.00,
toddler vegetable patties,,0,,0.00,0.00,
toddler vegetable peeler,,0,,0.00,0.00,
toddler vegetable pouches,,0,,0.00,0.00,
toddler vegetable recipes indian,,0,,0.00,0.00,
toddler vegetable risotto,,0,,0.00,0.00,
toddler vegetable smoothies,,0,,0.00,0.00,
toddler vegetable snacks,,0,,0.00,0.00,
toddler vegetable soup,,0,,0.00,0.00,
toddler vegetable stew,,0,,0.00,0.00,
toddler vegetable supplement,,0,,0.00,0.00,
toddler vegetable tagine,,0,,0.00,0.00,
toddler vegetables,,0,,0.00,0.00,
toddler vegetables recipes,,0,,0.00,0.00,
toddler vegeteable pasta,,0,,0.00,0.00,
toddler will not eat fruit or vegetables,,0,,0.00,0.00,
toddler will not eat vegetables,,0,,0.00,0.00,
toddler won t eat any vegetables,,0,,0.00,0.00,
toddler won t eat fruit or vegetables,,0,,0.00,0.00,
toddler won t eat meat or vegetables,,0,,0.00,0.00,
toddler won t eat vegetables,,0,,0.00,0.00,
toddler won t eat vegetables anymore,,0,,0.00,0.00,
toddler won t eat vegetables or fruit,,0,,0.00,0.00,
toddler won t eat vegetables or meat,,0,,0.00,0.00,
toddler won't eat any vegetables,,0,,0.00,0.00,
toddler won't eat fruit or vegetables,,0,,0.00,0.00,
toddler won't eat fruits or vegetables,,0,,0.00,0.00,
toddler won't eat meat or vegetables,,0,,0.00,0.00,
toddler won't eat vegetables anymore,,0,,0.00,0.00,
toddler won't eat vegetables or fruit,,0,,0.00,0.00,
toddler won't eat vegetables reddit,,0,,0.00,0.00,
toddler wont eat any vegetables,,0,,0.00,0.00,
toddler wont eat vegetables,,0,,0.00,0.00,
toddlers and vegetables,,0,,0.00,0.00,
toddlers eating vegetables,,0,,0.00,0.00,
toddlers vegetables,,0,,0.00,0.00,
trick toddler into eating vegetables,,0,,0.00,0.00,
using bbq sauce for toddler to eat vegetables,,0,,0.00,0.00,
vegetable activities for toddlers,,0,,0.00,0.00,
vegetable activity for toddlers,,0,,0.00,0.00,
vegetable alternatives for toddlers,,0,,0.00,0.00,
vegetable and bean chilli toddlers,,0,,0.00,0.00,
vegetable and fruit smoothies for toddlers,,0,,0.00,0.00,
vegetable art for toddlers,,0,,0.00,0.00,
vegetable bake for toddlers,,0,,0.00,0.00,
vegetable bake recipe for toddlers,,0,,0.00,0.00,
vegetable balls for toddlers,,0,,0.00,0.00,
vegetable bites for toddlers,,0,,0.00,0.00,
vegetable book for toddlers,,0,,0.00,0.00,
vegetable books for toddlers,,0,,0.00,0.00,
vegetable bread for toddlers,,0,,0.00,0.00,
vegetable bread recipe for toddlers,,0,,0.00,0.00,
vegetable breakfast for toddlers,,0,,0.00,0.00,
vegetable broth for toddlers,,0,,0.00,0.00,
vegetable cake for toddlers,,0,,0.00,0.00,
vegetable cakes for toddlers,,0,,0.00,0.00,
vegetable casserole recipes for toddlers,,0,,0.00,0.00,
vegetable chart for toddlers,,0,,0.00,0.00,
vegetable chips for toddlers,,0,,0.00,0.00,
vegetable clear soup for toddlers,,0,,0.00,0.00,
vegetable cookies for toddlers,,0,,0.00,0.00,
vegetable cookies for toddlers recipe,,0,,0.00,0.00,
vegetable corned beef soup toddler,,0,,0.00,0.00,
vegetable costumes for toddlers,,0,,0.00,0.00,
vegetable couscous for toddlers,,0,,0.00,0.00,
vegetable craft for toddlers,,0,,0.00,0.00,
vegetable craft ideas for toddlers,,0,,0.00,0.00,
vegetable crafts for toddlers,,0,,0.00,0.00,
vegetable crisps for toddlers,,0,,0.00,0.00,
vegetable croquettes for toddlers,,0,,0.00,0.00,
vegetable cupcakes for toddlers,,0,,0.00,0.00,
vegetable curry recipe toddler,,0,,0.00,0.00,
vegetable cutlet for toddlers,,0,,0.00,0.00,
vegetable dinner ideas for toddlers,,0,,0.00,0.00,
vegetable dinners for toddlers,,0,,0.00,0.00,
vegetable dip for toddlers,,0,,0.00,0.00,
vegetable dishes for toddlers,,0,,0.00,0.00,
vegetable drinks for toddlers,,0,,0.00,0.00,
vegetable egg muffins for toddlers,,0,,0.00,0.00,
vegetable finger food for toddlers,,0,,0.00,0.00,
vegetable fingers for toddlers,,0,,0.00,0.00,
vegetable for toddler,,0,,0.00,0.00,
vegetable for toddlers,,0,,0.00,0.00,
vegetable for toddlers recipes,,0,,0.00,0.00,
vegetable fried rice for toddlers,,0,,0.00,0.00,
vegetable fried rice recipe for toddlers,,0,,0.00,0.00,
vegetable fries recipe for toddlers,,0,,0.00,0.00,
vegetable frittata toddler,,0,,0.00,0.00,
vegetable fruit smoothie for toddlers,,0,,0.00,0.00,
vegetable games for toddlers,,0,,0.00,0.00,
vegetable garden crafts for toddlers,,0,,0.00,0.00,
vegetable gummies for toddlers,,0,,0.00,0.00,
vegetable ideas for toddler,,0,,0.00,0.00,
vegetable ideas for toddlers,,0,,0.00,0.00,
vegetable idli for toddlers,,0,,0.00,0.00,
vegetable idli recipe for toddlers,,0,,0.00,0.00,
vegetable juice for toddlers,,0,,0.00,0.00,
vegetable juices for toddlers,,0,,0.00,0.00,
vegetable khichdi for toddlers,,0,,0.00,0.00,
vegetable lasagna easy for toddlers,,0,,0.00,0.00,
vegetable lasagna for toddlers,,0,,0.00,0.00,
vegetable lasagne for toddlers,,0,,0.00,0.00,
vegetable lasagne toddlers,,0,,0.00,0.00,
vegetable loaf for toddlers,,0,,0.00,0.00,
vegetable lunch ideas for toddlers,,0,,0.00,0.00,
vegetable mac and cheese toddler,,0,,0.00,0.00,
vegetable meal ideas for toddlers,,0,,0.00,0.00,
vegetable meals for toddlers,,0,,0.00,0.00,
vegetable meatballs for toddlers,,0,,0.00,0.00,
vegetable muffin for toddler,,0,,0.00,0.00,
vegetable muffin recipe for toddler,,0,,0.00,0.00,
vegetable muffin recipe toddler,,0,,0.00,0.00,
vegetable muffin recipes for toddlers,,0,,0.00,0.00,
vegetable muffin toddler,,0,,0.00,0.00,
vegetable muffins for toddlers recipe,,0,,0.00,0.00,
vegetable muffins for toddlers uk,,0,,0.00,0.00,
vegetable muffins recipes for toddlers,,0,,0.00,0.00,
vegetable muffins toddler recipe,,0,,0.00,0.00,
vegetable muffins toddlers,,0,,0.00,0.00,
vegetable noodles for toddlers,,0,,0.00,0.00,
vegetable nuggets for toddlers,,0,,0.00,0.00,
vegetable omelette for toddlers,,0,,0.00,0.00,
vegetable omelette toddler,,0,,0.00,0.00,
vegetable painting for toddlers,,0,,0.00,0.00,
vegetable pancake for toddler,,0,,0.00,0.00,
vegetable pancake recipe toddler,,0,,0.00,0.00,
vegetable pancake toddler,,0,,0.00,0.00,
vegetable pancakes toddler,,0,,0.00,0.00,
vegetable paratha for toddlers,,0,,0.00,0.00,
vegetable pasta bake for toddlers,,0,,0.00,0.00,
vegetable pasta bake toddler,,0,,0.00,0.00,
vegetable pasta for toddlers,,0,,0.00,0.00,
vegetable pasta sauce for toddlers,,0,,0.00,0.00,
vegetable pasta sauce recipe for toddlers,,0,,0.00,0.00,
vegetable pasta sauce toddler,,0,,0.00,0.00,
vegetable pasta soup for toddlers,,0,,0.00,0.00,
vegetable pasta toddler,,0,,0.00,0.00,
vegetable pasties for toddlers,,0,,0.00,0.00,
vegetable patties toddler,,0,,0.00,0.00,
vegetable pikelets for toddlers,,0,,0.00,0.00,
vegetable plating ideas for toddlers,,0,,0.00,0.00,
vegetable popsicles for toddlers,,0,,0.00,0.00,
vegetable pouches for toddlers,,0,,0.00,0.00,
vegetable powder for toddlers,,0,,0.00,0.00,
vegetable printing craft toddlers,,0,,0.00,0.00,
vegetable printing for toddlers,,0,,0.00,0.00,
vegetable pulao for toddlers,,0,,0.00,0.00,
vegetable puree for toddlers,,0,,0.00,0.00,
vegetable puree recipes for toddlers,,0,,0.00,0.00,
vegetable purees for toddlers,,0,,0.00,0.00,
vegetable recipe for toddlers,,0,,0.00,0.00,
vegetable recipes for fussy toddlers,,0,,0.00,0.00,
vegetable recipes for picky toddlers,,0,,0.00,0.00,
vegetable recipes for toddler,,0,,0.00,0.00,
vegetable recipes toddlers,,0,,0.00,0.00,
vegetable rice for toddlers,,0,,0.00,0.00,
vegetable rice recipe toddler,,0,,0.00,0.00,
vegetable rice recipes for toddlers,,0,,0.00,0.00,
vegetable risotto toddler,,0,,0.00,0.00,
vegetable salad for toddlers,,0,,0.00,0.00,
vegetable salad recipes for toddlers,,0,,0.00,0.00,
vegetable sauce for toddlers,,0,,0.00,0.00,
vegetable scones for toddlers,,0,,0.00,0.00,
vegetable shakes for toddlers,,0,,0.00,0.00,
vegetable sides for toddlers,,0,,0.00,0.00,
vegetable slice for toddlers,,0,,0.00,0.00,
vegetable smoothie for toddler,,0,,0.00,0.00,
vegetable smoothie for toddlers,,0,,0.00,0.00,
vegetable smoothie recipes for toddlers,,0,,0.00,0.00,
vegetable smoothies for toddlers,,0,,0.00,0.00,
vegetable smoothies for toddlers you can buy,,0,,0.00,0.00,
vegetable snack for toddlers,,0,,0.00,0.00,
vegetable snack ideas for toddlers,,0,,0.00,0.00,
vegetable snacks for toddler,,0,,0.00,0.00,
vegetable songs for toddlers,,0,,0.00,0.00,
vegetable soup for sick toddler,,0,,0.00,0.00,
vegetable soup for toddler,,0,,0.00,0.00,
vegetable soup for toddlers,,0,,0.00,0.00,
vegetable soup for toddlers indian,,0,,0.00,0.00,
vegetable soup for toddlers recipe,,0,,0.00,0.00,
vegetable soup recipe for toddlers,,0,,0.00,0.00,
vegetable soup recipes for toddlers,,0,,0.00,0.00,
vegetable soup toddler,,0,,0.00,0.00,
vegetable soup toddlers recipe,,0,,0.00,0.00,
vegetable spaghetti for toddlers,,0,,0.00,0.00,
vegetable stew for toddlers,,0,,0.00,0.00,
vegetable sticks for toddlers,,0,,0.00,0.00,
vegetable stir fry for toddlers,,0,,0.00,0.00,
vegetable story books for toddlers,,0,,0.00,0.00,
vegetable supplement for toddlers,,0,,0.00,0.00,
vegetable supplements for toddlers,,0,,0.00,0.00,
vegetable tagine for toddlers,,0,,0.00,0.00,
vegetable toddler,,0,,0.00,0.00,
vegetable toddler curry,,0,,0.00,0.00,
vegetable toddler recipes,,0,,0.00,0.00,
vegetable toddler snacks,,0,,0.00,0.00,
vegetable tomato sauce for toddlers,,0,,0.00,0.00,
vegetable tots for toddlers,,0,,0.00,0.00,
vegetable toys for toddlers,,0,,0.00,0.00,
vegetable waffles toddler,,0,,0.00,0.00,
vegetables activities for toddlers,,0,,0.00,0.00,
vegetables activity for toddlers,,0,,0.00,0.00,
vegetables books for toddlers,,0,,0.00,0.00,
vegetables chart for toddlers,,0,,0.00,0.00,
vegetables craft for toddlers,,0,,0.00,0.00,
vegetables for fussy toddlers,,0,,0.00,0.00,
vegetables for picky toddlers,,0,,0.00,0.00,
vegetables for toddler,,0,,0.00,0.00,
vegetables for toddler lunch,,0,,0.00,0.00,
vegetables for toddlers book,,0,,0.00,0.00,
vegetables for toddlers lunch,,0,,0.00,0.00,
vegetables for toddlers recipe,,0,,0.00,0.00,
vegetables for toddlers recipes,,0,,0.00,0.00,
vegetables for toddlers to eat,,0,,0.00,0.00,
vegetables for toddlers to try,,0,,0.00,0.00,
vegetables for.toddlers,,0,,0.00,0.00,
vegetables good for toddlers,,0,,0.00,0.00,
vegetables high in iron for toddlers,,0,,0.00,0.00,
vegetables learning for toddlers,,0,,0.00,0.00,
vegetables lesson plan for toddlers,,0,,0.00,0.00,
vegetables pictures for toddlers,,0,,0.00,0.00,
vegetables poster for toddlers,,0,,0.00,0.00,
vegetables recipe for toddlers,,0,,0.00,0.00,
vegetables recipes for toddlers,,0,,0.00,0.00,
vegetables snacks for toddlers,,0,,0.00,0.00,
vegetables that toddlers like,,0,,0.00,0.00,
vegetables that toddlers will eat,,0,,0.00,0.00,
vegetables to grow with toddlers,,0,,0.00,0.00,
vegetables to sneak into toddlers smoothies,,0,,0.00,0.00,
vegetables toddler,,0,,0.00,0.00,
vegetables toddlers,,0,,0.00,0.00,
vegetables toddlers activities,,0,,0.00,0.00,
vegetables toddlers like,,0,,0.00,0.00,
vegetables toddlers love,,0,,0.00,0.00,
vegetables toddlers should eat,,0,,0.00,0.00,
vegetables toddlers will eat,,0,,0.00,0.00,
vegetables toys for toddlers,,0,,0.00,0.00,
vitamins for toddlers who don t eat vegetables,,0,,0.00,0.00,
vitamins for toddlers who don't eat vegetables,,0,,0.00,0.00,
ways to cook vegetables for toddlers,,0,,0.00,0.00,
ways to get toddler to eat vegetables,,0,,0.00,0.00,
ways to get toddlers to eat vegetables,,0,,0.00,0.00,
ways to get your toddler to eat vegetables,,0,,0.00,0.00,
ways to hide vegetables in food for toddlers,,0,,0.00,0.00,
ways to sneak vegetables into toddler food,,0,,0.00,0.00,
what are the best vegetables for toddlers,,0,,0.00,0.00,
what are the best vegetables for toddlers to eat,,0,,0.00,0.00,
what raw vegetables can toddlers eat,,0,,0.00,0.00,
what to do if toddler won't eat vegetables,,0,,0.00,0.00,
what to do if your toddler won't eat vegetables,,0,,0.00,0.00,
what vegetables are good for toddlers,,0,,0.00,0.00,
what vegetables can toddlers eat,,0,,0.00,0.00,
what vegetables do toddlers like,,0,,0.00,0.00,
what vegetables should toddlers eat,,0,,0.00,0.00,
when can my toddler eat raw vegetables,,0,,0.00,0.00,
when can toddlers have raw vegetables,,0,,0.00,0.00,
why do toddlers hate vegetables,,0,,0.00,0.00,
why has my toddler stopped eating vegetables,,0,,0.00,0.00,
why won't my toddler eat vegetables,,0,,0.00,0.00,
yummy toddler food easy vegetable pancakes,,0,,0.00,0.00,
yummy toddler food pasta in vegetable broth,,0,,0.00,0.00,
yummy toddler food roasted vegetable pasta sauce,,0,,0.00,0.00,
yummy toddler food vegetable broth,,0,,0.00,0.00,
yummy toddler food vegetable pancakes,,0,,0.00,0.00,
yummy toddler food vegetable pasta sauce,,0,,0.00,0.00,
yummy vegetable recipes for toddlers,,0,,0.00,0.00,
