"cluster (first pass, picky-eater group still mixed)",keyword,volume,kd,intent,serp_features,seed
H/P pillar: kids and vegetables,how to get kids to eat vegetables,720,27,Informational,"Sitelinks, AI Overview, Video, Short videos, People also ask, Related searches",kids-vegetables
H/P pillar: kids and vegetables,vegetables for kids,720,17,Informational,"AI Overview, Video, Video carousel, Short videos, People also ask, Discussions and forums, Related searches, Popular products",kids-vegetables
H/P pillar: kids and vegetables,vegetables kids will eat,390,13,Informational,"Sitelinks, AI Overview, Video, Video carousel, Short videos, People also ask, Discussions and forums, Related searches",kids-vegetables
H/P pillar: kids and vegetables,why do kids hate vegetables,90,17,Informational,"Sitelinks, AI Overview, Video, Video carousel, Short videos, People also ask, Related searches",kids-vegetables
H/P pillar: kids and vegetables,why do kids not like vegetables,70,5,Informational,"Sitelinks, AI Overview, Video, Video carousel, Short videos, People also ask, Related searches",kids-vegetables
H/P pillar: kids and vegetables,why don't kids like vegetables,40,,,,kids-vegetables
H/P pillar: kids and vegetables,vegetable for kids,30,,,,kids-vegetables
H/P pillar: kids and vegetables,best vegetables for kids to eat,10,,,,kids-vegetables
H/P pillar: kids and vegetables,best way to get kids to eat vegetables,10,,,,kids-vegetables
H/P pillar: kids and vegetables,how to get kids to eat more vegetables,10,,,,kids-vegetables
H/P pillar: kids and vegetables,how to make kids eat vegetables,10,,,,kids-vegetables
H/P pillar: kids and vegetables,kid won't eat vegetables,10,,,,kids-vegetables
H/P pillar: kids and vegetables,vegetables that kids will eat,10,,,,kids-vegetables
H/P pillar: kids and vegetables,ways to get kids to eat vegetables,10,,,,kids-vegetables
C4a toddler + vegetables,toddler won't eat vegetables,20,,,,toddler-won
C4b toddler/child won't eat (general),toddler won't eat,480,37,Informational,"AI Overview, Video, People also ask, Related searches",toddler-won
C4b toddler/child won't eat (general),my toddler won't eat,210,49,Informational,"Sitelinks, AI Overview, Video, People also ask, Discussions and forums, Related searches",toddler-won
C4b toddler/child won't eat (general),toddler won't eat anything,70,25,Informational,"Sitelinks, AI Overview, Video, People also ask, Discussions and forums, Related searches",toddler-won
C4b toddler/child won't eat (general),my toddler won't eat anything,40,29,Informational,"Sitelinks, AI Overview, Video, Short videos, People also ask, Discussions and forums, Related searches",toddler-won
C4b toddler/child won't eat (general),what to do when toddler won't eat,20,,,,toddler-won
C4b toddler/child won't eat (general),what to do when your toddler won't eat,10,,,,toddler-won
C5 fussy / picky eater,picky eater,5400,52,"Informational, Commercial","AI Overview, Reviews, Video, People also ask, Discussions and forums, Related searches, Things to know",picky-eater
C5 fussy / picky eater,picky eater list,1000,20,Informational,"Sitelinks, Image pack, Video, People also ask, Discussions and forums, Related searches",picky-eater
C5 fussy / picky eater,food for picky eater,880,19,Informational,"Sitelinks, AI Overview, Video, People also ask, Discussions and forums, Related searches",picky-eater
C5 fussy / picky eater,picky eating,720,51,Informational,"AI Overview, Image pack, Video, Video carousel, People also ask, Related searches, Ads bottom, Ads middle",picky-eater
C5 fussy / picky eater,picky eater food list,590,16,Informational,"Sitelinks, AI Overview, Image pack, Video, Video carousel, People also ask, Discussions and forums, Related searches",picky-eater
C5 fussy / picky eater,picky eater foods,590,32,Informational,"Sitelinks, AI Overview, Image pack, Video, People also ask, Related searches",picky-eater
C5 fussy / picky eater,dw the picky eater,480,27,Informational,"Sitelinks, Reviews, Image, Video, People also ask, Knowledge panel, Related searches, See results about",picky-eater
C5 fussy / picky eater,what is a picky eater,480,24,Informational,"Sitelinks, AI Overview, Image pack, Video, People also ask, Related searches",picky-eater
C5 fussy / picky eater,picky eater icd 10,390,23,Informational,"AI Overview, Video, People also ask, Related searches",picky-eater
C5 fussy / picky eater,picky eating syndrome,390,34,Informational,"AI Overview, Image pack, Video, Video carousel, People also ask, Related searches",picky-eater
C5 fussy / picky eater,picky eater chart,320,16,Informational,"Image, Image pack, Video, People also ask, Related searches",picky-eater
C5 fussy / picky eater,picky eating icd 10,320,21,Informational,"AI Overview, Video, People also ask, Related searches",picky-eater
C5 fussy / picky eater,arthur dw picky eater,260,26,"Informational, Transactional","Sitelinks, Reviews, Image, Video, Short videos, Knowledge panel, Related searches",picky-eater
C5 fussy / picky eater,arthur dw the picky eater,260,26,"Informational, Transactional","Sitelinks, Reviews, Image, Image pack, Video, People also ask, Knowledge panel, See results about",picky-eater
C5 fussy / picky eater,how to stop being a picky eater,260,23,Informational,"Sitelinks, AI Overview, Video, Video carousel, People also ask, Related searches",picky-eater
C5 fussy / picky eater,picky eater meal prep,260,19,Informational,"Sitelinks, AI Overview, Video, Video carousel, Related searches",picky-eater
C5 fussy / picky eater,picky eater toddler,260,50,Informational,"Sitelinks, AI Overview, Video, Video carousel, People also ask, Related searches, Things to know",picky-eater
C5 fussy / picky eater,toddler picky eater,260,58,Informational,"AI Overview, Video, People also ask, Related searches, Things to know",picky-eater
C5 fussy / picky eater,when to worry about picky eating,260,37,Informational,"AI Overview, Video, People also ask, Related searches",picky-eater
C5 fussy / picky eater,d.w picky eater,210,27,"Informational, Transactional","Sitelinks, Video, People also ask, Knowledge panel, Related searches",picky-eater
C5 fussy / picky eater,healthy eating for picky eaters,210,14,Informational,"AI Overview, Video, Video carousel, People also ask, Discussions and forums, Related searches",picky-eater
C5 fussy / picky eater,picky eater noun,210,24,Informational,"AI Overview, Reviews, Video, People also ask",picky-eater
C5 fussy / picky eater,aita for being a picky eater at friendsgiving,170,26,Informational,"Sitelinks, Related searches",picky-eater
C5 fussy / picky eater,d.w. the picky eater,170,26,"Informational, Transactional","Sitelinks, Reviews, Video, Video carousel, Knowledge panel, Related searches, See results about",picky-eater
C5 fussy / picky eater,how to eat healthy as a picky eater,170,24,Informational,"Sitelinks, AI Overview, Video, Video carousel, People also ask, Discussions and forums, Related searches",picky-eater
C5 fussy / picky eater,how to get a picky eater to eat,170,50,Informational,"Sitelinks, AI Overview, Video, Short videos, People also ask, Discussions and forums, Related searches",picky-eater
C5 fussy / picky eater,how to get a picky toddler to eat,170,36,Informational,"Sitelinks, AI Overview, Video, Video carousel, Short videos, People also ask, Discussions and forums, Related searches",picky-eater
C5 fussy / picky eater,picky eater.,170,57,Informational,"Sitelinks, AI Overview, People also ask, Related searches",picky-eater
C5 fussy / picky eater,picky eating in childhood,170,54,Informational,"AI Overview, Video, Video carousel, People also ask, Discussions and forums, Related searches",picky-eater
C5 fussy / picky eater,picky eating toddler,170,52,Informational,"Sitelinks, AI Overview, Video, People also ask, Related searches",picky-eater
C5 fussy / picky eater,how do you get a picky eater to eat,140,19,Informational,"AI Overview, Video, Video carousel, People also ask, Discussions and forums, Related searches",picky-eater
C5 fussy / picky eater,meal prep for the picky eater,140,6,Informational,"Sitelinks, AI Overview, Video, Video carousel, Related searches",picky-eater
C5 fussy / picky eater,picky eater booster bag,140,17,Informational,"Sitelinks, AI Overview, Video, Video carousel, People also ask",picky-eater
C5 fussy / picky eater,picky eater checklist,140,15,Informational,"Image pack, Video, Related searches",picky-eater
C5 fussy / picky eater,picky eating list,140,23,Informational,"AI Overview, Reviews, Image pack, Video, Video carousel, People also ask, Related searches",picky-eater
C5 fussy / picky eater,severe picky eating,140,59,Informational,"Video, People also ask, Related searches",picky-eater
C5 fussy / picky eater,whats a picky eater,140,28,Informational,"Sitelinks, AI Overview, Image pack, Video, People also ask, Related searches",picky-eater
C5 fussy / picky eater,when to worry about picky eater,140,40,Informational,"Sitelinks, AI Overview, Video, Video carousel, People also ask, Related searches",picky-eater
C5 fussy / picky eater,define picky eater,110,27,Informational,"Sitelinks, AI Overview, Video, Video carousel, Short videos, People also ask, Related searches",picky-eater
C5 fussy / picky eater,dw picky eater,110,26,Informational,"Sitelinks, Reviews, Image, Video, Video carousel, People also ask, Knowledge panel, Discussions and forums, Related searches",picky-eater
C5 fussy / picky eater,easy picky eater dinners,110,21,Informational,"AI Overview, Image, Video, Recipes, Related searches",picky-eater
C5 fussy / picky eater,eating healthy as a picky eater,110,14,Informational,"Sitelinks, AI Overview, Video, People also ask, Discussions and forums, Related searches",picky-eater
C5 fussy / picky eater,extreme picky eating,110,46,Informational,"Sitelinks, AI Overview, Video, People also ask, Related searches",picky-eater
C5 fussy / picky eater,how picky eater are you,110,12,Informational,"Sitelinks, AI Overview, Video, Related searches",picky-eater
C5 fussy / picky eater,how to deal with picky eater toddler,110,50,Informational,"Sitelinks, AI Overview, Video, Video carousel, People also ask, Related searches",picky-eater
C5 fussy / picky eater,how to not be a picky eater,110,45,Informational,"Sitelinks, AI Overview, Video, Short videos, People also ask",picky-eater
C5 fussy / picky eater,icd 10 picky eater,110,24,Informational,"AI Overview, Video, People also ask, Related searches",picky-eater
C5 fussy / picky eater,picky eater def,110,18,Informational,"Sitelinks, AI Overview, Image pack, Video, People also ask, Related searches",picky-eater
C5 fussy / picky eater,what is picky eating,110,36,Informational,"AI Overview, Image, Image pack, Video, People also ask, Related searches",picky-eater
C5 fussy / picky eater,why am i such a picky eater,110,44,Informational,"Sitelinks, AI Overview, Video, Video carousel, People also ask, Related searches",picky-eater
C5 fussy / picky eater,2 year old picky eater,90,30,Informational,"Sitelinks, AI Overview, Video, People also ask, Discussions and forums, Related searches",picky-eater
C5 fussy / picky eater,arthur d.w. the picky eater,90,25,"Informational, Transactional","Sitelinks, Reviews, Video, People also ask, Knowledge panel, See results about",picky-eater
C5 fussy / picky eater,eating healthy for the picky eater,90,14,Informational,"Sitelinks, AI Overview, Video, Video carousel, People also ask, Discussions and forums, Related searches",picky-eater
C5 fussy / picky eater,how to handle a picky eater,90,27,Informational,"Sitelinks, AI Overview, Reviews, Video, People also ask, Discussions and forums, Related searches",picky-eater
C5 fussy / picky eater,how to not be picky eater,90,52,Informational,"AI Overview, Video, People also ask, Related searches",picky-eater
C5 fussy / picky eater,icd 10 code for picky eater,90,25,Informational,"AI Overview, Reviews, Video, People also ask, Related searches",picky-eater
C5 fussy / picky eater,opposite of picky eater,90,24,Informational,"Sitelinks, AI Overview, Video, People also ask, Related searches",picky-eater
C5 fussy / picky eater,picky eater dinners,90,28,Informational,"AI Overview, Image, Video, People also ask, Related searches",picky-eater
C5 fussy / picky eater,picky eater syndrome,90,36,Informational,"AI Overview, Image pack, Video, Video carousel, People also ask, Related searches",picky-eater
C5 fussy / picky eater,picky eating in teens,90,18,Informational,"Sitelinks, AI Overview, Video, People also ask, Discussions and forums, Related searches",picky-eater
C5 fussy / picky eater,what causes picky eating,90,26,Informational,"AI Overview, Image, Video, People also ask, Discussions and forums, Related searches",picky-eater
C5 fussy / picky eater,15 month old picky eater,70,43,Informational,"Sitelinks, AI Overview, Video, Video carousel, People also ask, Discussions and forums, Related searches",picky-eater
C5 fussy / picky eater,3 year old picky eater,70,49,Informational,"Sitelinks, AI Overview, Image pack, Video, People also ask, Discussions and forums, Related searches",picky-eater
C5 fussy / picky eater,4 year old picky eater,70,36,Informational,"Sitelinks, AI Overview, Video, Short videos, People also ask, Discussions and forums, Related searches",picky-eater
C5 fussy / picky eater,aap picky eating toddler repeated exposure 10 15 times,70,15,Informational,"AI Overview, Video, People also ask, Related searches",picky-eater
C5 fussy / picky eater,aita for being a picky eater,70,19,Informational,"Sitelinks, Related searches",picky-eater
C5 fussy / picky eater,aqueon stick'ems freeze dried picky eater treat,70,20,Informational,"Sitelinks, AI Overview, Video, Knowledge panel",picky-eater
C5 fussy / picky eater,eating healthy for picky eaters,70,15,Informational,"Sitelinks, AI Overview, Video, Video carousel, People also ask, Discussions and forums, Related searches",picky-eater
C5 fussy / picky eater,healthy eating plan for picky eaters,70,16,Informational,"Sitelinks, AI Overview, Reviews, Video, Video carousel, People also ask, Related searches",picky-eater
C5 fussy / picky eater,how to deal with a picky eater,70,39,Informational,"Sitelinks, AI Overview, Reviews, Video, Video carousel, People also ask, Discussions and forums, Related searches",picky-eater
C5 fussy / picky eater,how to deal with picky eater,70,38,Informational,"Sitelinks, AI Overview, Reviews, Video, People also ask, Discussions and forums, Related searches",picky-eater
C5 fussy / picky eater,how to deal with picky eating,70,28,Informational,"AI Overview, Video, Video carousel, People also ask, Discussions and forums, Related searches",picky-eater
C5 fussy / picky eater,how to get picky eaters to eat,70,46,Informational,"Sitelinks, AI Overview, Video, Video carousel, Short videos, People also ask, Discussions and forums, Related searches",picky-eater
C5 fussy / picky eater,how to get picky toddler to eat,70,32,Informational,"Sitelinks, AI Overview, Video, Short videos, People also ask, Discussions and forums, Related searches, Ads bottom",picky-eater
C5 fussy / picky eater,opposite of a picky eater,70,22,Informational,"Sitelinks, AI Overview, Reviews, Video, People also ask, Related searches",picky-eater
C5 fussy / picky eater,picky eater meal,70,23,Informational,"Sitelinks, AI Overview, Image, Video, People also ask, Recipes, Related searches",picky-eater
C5 fussy / picky eater,picky eater power 3-pack,70,,,,picky-eater
C5 fussy / picky eater,picky eater tips,70,41,Informational,"Sitelinks, AI Overview, Video, Related searches",picky-eater
C5 fussy / picky eater,picky-eater,70,53,Informational,"Video, People also ask, Related searches",picky-eater
C5 fussy / picky eater,when does picky eating start,70,26,"Informational, Commercial","Sitelinks, AI Overview, Reviews, Video, People also ask, Discussions and forums, Related searches",picky-eater
C5 fussy / picky eater,1 year old picky eater food ideas,50,21,Informational,"Sitelinks, AI Overview, Image, Video, Video carousel, People also ask, Related searches",picky-eater
C5 fussy / picky eater,16 month old picky eater,50,26,Informational,"Sitelinks, AI Overview, Video, People also ask, Discussions and forums, Related searches",picky-eater
C5 fussy / picky eater,18 month old picky eater,50,36,Informational,"Sitelinks, AI Overview, Image pack, Video, Video carousel, People also ask, Related searches",picky-eater
C5 fussy / picky eater,aap picky eating repeated exposure 10 15 times,50,,,,picky-eater
C5 fussy / picky eater,aap toddler picky eating repeated exposure 10 15 times,50,,,,picky-eater
C5 fussy / picky eater,extremely picky eater,50,54,Informational,"Sitelinks, AI Overview, Reviews, Video, Video carousel, Short videos, People also ask, Related searches",picky-eater
C5 fussy / picky eater,healthy food for picky eater,50,12,Informational,"Sitelinks, AI Overview, Video, Video carousel, People also ask, Discussions and forums, Related searches",picky-eater
C5 fussy / picky eater,how to deal with picky eater child,50,38,Informational,"Sitelinks, AI Overview, Video, People also ask, Discussions and forums, Related searches",picky-eater
C5 fussy / picky eater,how to eat healthier as a picky eater,50,16,Informational,"Sitelinks, AI Overview, Video, People also ask, Discussions and forums, Related searches",picky-eater
C5 fussy / picky eater,how to help a picky eater,50,48,Informational,"AI Overview, People also ask, Related searches",picky-eater
C5 fussy / picky eater,is picky eating genetic,50,42,Informational,"Sitelinks, AI Overview, Video, People also ask, Discussions and forums, Related searches",picky-eater
C5 fussy / picky eater,picky eater food,50,29,Informational,"Sitelinks, AI Overview, Video, Short videos, People also ask, Discussions and forums, Related searches",picky-eater
C5 fussy / picky eater,picky eater list of foods,50,16,Informational,"Sitelinks, Image pack, Video, People also ask, Related searches",picky-eater
C5 fussy / picky eater,picky eater pdf,50,16,Informational,"Image pack, Video, Related searches",picky-eater
C5 fussy / picky eater,picky eater tweet,50,22,Informational,"Sitelinks, AI Overview, Video, People also ask, Related searches",picky-eater
C5 fussy / picky eater,the picky eater,50,53,Informational,"Sitelinks, AI Overview, Image pack, Video, Video carousel, People also ask, Related searches",picky-eater
C5 fussy / picky eater,when does picky eating stop,50,40,Informational,"Sitelinks, AI Overview, Video, People also ask, Discussions and forums, Related searches",picky-eater
C5 fussy / picky eater,aap picky eating repeated exposure 10 to 15 times,40,,,,picky-eater
C5 fussy / picky eater,aap picky eating repeated exposure 10-15 times,40,,,,picky-eater
C5 fussy / picky eater,aita for being a picky eater friendsgiving,40,25,Informational,"Sitelinks, Related searches",picky-eater
C5 fussy / picky eater,aita picky eater,40,20,Informational,"Sitelinks, Video, Related searches",picky-eater
C5 fussy / picky eater,american academy of pediatrics picky eating toddlers guidelines,40,25,Informational,"Sitelinks, AI Overview, Video, Related searches",picky-eater
C5 fussy / picky eater,best food for picky eater shih tzu,40,18,Commercial,"Sitelinks, AI Overview, Video, Video carousel, People also ask, Related searches, Popular products",picky-eater
C5 fussy / picky eater,extreme picky eater,40,24,Informational,"Sitelinks, AI Overview, Video, Video carousel, People also ask, Discussions and forums, Related searches",picky-eater
C5 fussy / picky eater,extremely picky eater 7 year old,40,41,Informational,"Sitelinks, AI Overview, Video, Video carousel, People also ask, Discussions and forums, Related searches",picky-eater
C5 fussy / picky eater,food for picky eater toddler,40,,,,picky-eater
C5 fussy / picky eater,fussy eater vs picky eater,40,33,Informational,"Image pack, Video, People also ask, Related searches",picky-eater
C5 fussy / picky eater,he's a picky eater,40,,,,picky-eater
C5 fussy / picky eater,how to get my picky toddler to eat,40,50,Informational,"Sitelinks, AI Overview, Video, Video carousel, People also ask, Discussions and forums, Related searches",picky-eater
C5 fussy / picky eater,is being a picky eater genetic,40,,,,picky-eater
C5 fussy / picky eater,picky eater food ideas,40,21,Informational,"AI Overview, Image, Image pack, Video, People also ask, Related searches",picky-eater
C5 fussy / picky eater,picky eater help,40,49,Informational,"AI Overview, Reviews, Video, Video carousel, Short videos, People also ask, Related searches",picky-eater
C5 fussy / picky eater,picky eater kids,40,,,,picky-eater
C5 fussy / picky eater,picky eater toddler ideas,40,,,,picky-eater
C5 fussy / picky eater,the picky eater guru,40,,,,picky-eater
C5 fussy / picky eater,toddler picky eating,40,58,Informational,"AI Overview, Video, People also ask, Related searches",picky-eater
C5 fussy / picky eater,what to do about a picky eater,40,38,Informational,"Sitelinks, AI Overview, Video, People also ask, Discussions and forums, Related searches",picky-eater
C5 fussy / picky eater,why am i a picky eater,40,,,,picky-eater
C5 fussy / picky eater,1 year old picky eater,30,,,,picky-eater
C5 fussy / picky eater,aap picky eating toddlers repeated exposure 10 15 times,30,,,,picky-eater
C5 fussy / picky eater,better bites picky eating,30,,,,picky-eater
C5 fussy / picky eater,cdc picky eating children repeated exposure new foods,30,,,,picky-eater
C5 fussy / picky eater,clean eating for picky eaters,30,33,Informational,"Sitelinks, AI Overview, People also ask, Related searches",picky-eater
C5 fussy / picky eater,easiest vegetable to eat for picky eaters,30,,,,picky-eater
C5 fussy / picky eater,food ideas for 18 month old picky eater,30,17,Informational,"Sitelinks, AI Overview, Video, People also ask, Discussions and forums, Related searches",picky-eater
C5 fussy / picky eater,golden retriever picky eater,30,,,,picky-eater
C5 fussy / picky eater,goldendoodle picky eater,30,20,Informational,"Sitelinks, AI Overview, Video, People also ask, Related searches",picky-eater
C5 fussy / picky eater,healthy foods for a picky eater,30,,,,picky-eater
C5 fussy / picky eater,healthychildren org picky eating,30,,,,picky-eater
C5 fussy / picky eater,high fat food for picky eater,30,,,,picky-eater
C5 fussy / picky eater,how to eat more vegetables as a picky eater,30,,,,picky-eater
C5 fussy / picky eater,how to feed a picky eater,30,,,,picky-eater
C5 fussy / picky eater,how to fix a picky eater,30,,,,picky-eater
C5 fussy / picky eater,how to fix picky eating,30,,,,picky-eater
C5 fussy / picky eater,how to raise a non picky eater,30,,,,picky-eater
C5 fussy / picky eater,how to reverse picky eating,30,,,,picky-eater
C5 fussy / picky eater,how to start eating healthy as a picky eater,30,26,Informational,"Sitelinks, AI Overview, Video, Video carousel, People also ask, Discussions and forums, Related searches",picky-eater
C5 fussy / picky eater,picky 18 month old eater,30,42,Informational,"Sitelinks, AI Overview, Video, Video carousel, People also ask, Discussions and forums, Related searches",picky-eater
C5 fussy / picky eater,picky eater 4 year old,30,,,,picky-eater
C5 fussy / picky eater,picky eater bingo,30,,,,picky-eater
C5 fussy / picky eater,picky eater handout pdf,30,,,,picky-eater
C5 fussy / picky eater,picky eater icd10,30,,,,picky-eater
C5 fussy / picky eater,picky eater tier list,30,,,,picky-eater
C5 fussy / picky eater,picky eater toddler tips,30,,,,picky-eater
C5 fussy / picky eater,picky eater vs problem feeder,30,,,,picky-eater
C5 fussy / picky eater,picky eating tips,30,,,,picky-eater
C5 fussy / picky eater,shih tzu picky eater,30,15,Informational,"Sitelinks, AI Overview, Video, Video carousel, People also ask, Related searches",picky-eater
C5 fussy / picky eater,things picky eaters don't eat,30,,,,picky-eater
C5 fussy / picky eater,tips to help your picky eater,30,,,,picky-eater
C5 fussy / picky eater,toddler becoming picky eater,30,,,,picky-eater
C5 fussy / picky eater,very picky eater,30,,,,picky-eater
C5 fussy / picky eater,what to do with a picky eater,30,,,,picky-eater
C5 fussy / picky eater,what to eat in japan as a picky eater,30,,,,picky-eater
C5 fussy / picky eater,12 month old becoming picky eater,20,,,,picky-eater
C5 fussy / picky eater,12 month old picky eater,20,,,,picky-eater
C5 fussy / picky eater,12 month old suddenly picky eater,20,,,,picky-eater
C5 fussy / picky eater,13 month old picky eater,20,,,,picky-eater
C5 fussy / picky eater,13 month old suddenly picky eater,20,,,,picky-eater
C5 fussy / picky eater,14 month old picky eater,20,,,,picky-eater
C5 fussy / picky eater,14 month old suddenly picky eater,20,,,,picky-eater
C5 fussy / picky eater,15 month old becoming picky eater,20,,,,picky-eater
C5 fussy / picky eater,15 month old suddenly picky eater,20,,,,picky-eater
C5 fussy / picky eater,15 month old very picky eater,20,,,,picky-eater
C5 fussy / picky eater,16 month old becoming picky eater,20,,,,picky-eater
C5 fussy / picky eater,16 month old suddenly picky eater,20,,,,picky-eater
C5 fussy / picky eater,16 month old very picky eater,20,,,,picky-eater
C5 fussy / picky eater,17 month old picky eater,20,,,,picky-eater
C5 fussy / picky eater,18 month old becoming picky eater,20,,,,picky-eater
C5 fussy / picky eater,18 month old suddenly picky eater,20,,,,picky-eater
C5 fussy / picky eater,18 month old very picky eater,20,,,,picky-eater
C5 fussy / picky eater,18 month picky eater,20,,,,picky-eater
C5 fussy / picky eater,19 month old picky eater,20,,,,picky-eater
C5 fussy / picky eater,19 month old suddenly picky eater,20,,,,picky-eater
C5 fussy / picky eater,20 month old picky eater,20,,,,picky-eater
C5 fussy / picky eater,21 month old picky eater,20,,,,picky-eater
C5 fussy / picky eater,22 month old picky eater,20,,,,picky-eater
C5 fussy / picky eater,5 year old picky eater,20,,,,picky-eater
C5 fussy / picky eater,a picky eater,20,,,,picky-eater
C5 fussy / picky eater,aap picky eater repeated exposure 10 15 times,20,,,,picky-eater
C5 fussy / picky eater,aap picky eating,20,,,,picky-eater
C5 fussy / picky eater,am i a picky eater,20,,,,picky-eater
C5 fussy / picky eater,am i picky eater,20,,,,picky-eater
C5 fussy / picky eater,am ia picky eater,20,,,,picky-eater
C5 fussy / picky eater,american academy of pediatrics picky eating recommendations,20,,,,picky-eater
C5 fussy / picky eater,american bully picky eater,20,,,,picky-eater
C5 fussy / picky eater,anderson cooper picky eater,20,,,,picky-eater
C5 fussy / picky eater,anjali shah picky eater,20,,,,picky-eater
C5 fussy / picky eater,another way to say picky eater,20,,,,picky-eater
C5 fussy / picky eater,another word for picky eater,20,,,,picky-eater
C5 fussy / picky eater,another word for picky eating,20,,,,picky-eater
C5 fussy / picky eater,antonym of picky eater,20,,,,picky-eater
C5 fussy / picky eater,apa itu picky eater,20,,,,picky-eater
C5 fussy / picky eater,are you a picky eater,20,,,,picky-eater
C5 fussy / picky eater,are you a picky eater buzzfeed,20,,,,picky-eater
C5 fussy / picky eater,are you a picky eater list,20,,,,picky-eater
C5 fussy / picky eater,are you picky eater,20,,,,picky-eater
C5 fussy / picky eater,arthur dw the picky eater buster and the daredevils,20,,,,picky-eater
C5 fussy / picky eater,arthur dw the picky eater dvd,20,,,,picky-eater
C5 fussy / picky eater,arthur dw the picky eater vhs,20,,,,picky-eater
C5 fussy / picky eater,arthur picky eater,20,,,,picky-eater
C5 fussy / picky eater,asd picky eater,20,,,,picky-eater
C5 fussy / picky eater,aspergers and picky eating,20,,,,picky-eater
C5 fussy / picky eater,aspergers picky eater,20,,,,picky-eater
C5 fussy / picky eater,ayuda picky eater en casa,20,,,,picky-eater
C5 fussy / picky eater,ayuda picky eater en casa pdf,20,,,,picky-eater
C5 fussy / picky eater,ball python picky eater,20,,,,picky-eater
C5 fussy / picky eater,beagle picky eater,20,,,,picky-eater
C5 fussy / picky eater,being a picky eater,20,,,,picky-eater
C5 fussy / picky eater,belgian malinois picky eater,20,,,,picky-eater
C5 fussy / picky eater,best picky eating course,20,,,,picky-eater
C5 fussy / picky eater,betta picky eater,20,,,,picky-eater
C5 fussy / picky eater,better bites picky eating program,20,,,,picky-eater
C5 fussy / picky eater,bichon frise picky eater,20,,,,picky-eater
C5 fussy / picky eater,big little feelings picky eating,20,,,,picky-eater
C5 fussy / picky eater,bil jac picky eater,20,,,,picky-eater
C5 fussy / picky eater,border collie picky eater,20,,,,picky-eater
C5 fussy / picky eater,boston terrier picky eater,20,,,,picky-eater
C5 fussy / picky eater,buzzfeed are you a picky eater,20,,,,picky-eater
C5 fussy / picky eater,buzzfeed picky eater,20,,,,picky-eater
C5 fussy / picky eater,can ot help with picky eating,20,,,,picky-eater
C5 fussy / picky eater,cane corso picky eater,20,,,,picky-eater
C5 fussy / picky eater,causes of picky eating,20,,,,picky-eater
C5 fussy / picky eater,cavalier king charles spaniel picky eater,20,,,,picky-eater
C5 fussy / picky eater,cdc toddler picky eating mealtime guidance,20,,,,picky-eater
C5 fussy / picky eater,checklist picky eater list,20,,,,picky-eater
C5 fussy / picky eater,chihuahua picky eater,20,,,,picky-eater
C5 fussy / picky eater,chihuahua very picky eater,20,,,,picky-eater
C5 fussy / picky eater,chronic picky eater,20,,,,picky-eater
C5 fussy / picky eater,clean eating for the picky eater,20,,,,picky-eater
C5 fussy / picky eater,clean eating ideas for picky eaters,20,,,,picky-eater
C5 fussy / picky eater,common picky eater foods,20,,,,picky-eater
C5 fussy / picky eater,conquer picky eating,20,,,,picky-eater
C5 fussy / picky eater,consequences of picky eating,20,,,,picky-eater
C5 fussy / picky eater,corgi picky eater,20,,,,picky-eater
C5 fussy / picky eater,dachshund picky eater,20,,,,picky-eater
C5 fussy / picky eater,define a picky eater,20,,,,picky-eater
C5 fussy / picky eater,dinners picky kids will eat,20,,,,picky-eater
C5 fussy / picky eater,doorine is a picky eater,20,,,,picky-eater
C5 fussy / picky eater,dorine is a picky eater,20,,,,picky-eater
C5 fussy / picky eater,dr becky picky eating,20,,,,picky-eater
C5 fussy / picky eater,dr now picky eater,20,,,,picky-eater
C5 fussy / picky eater,dreamlight valley doorine is a picky eater,20,,,,picky-eater
C5 fussy / picky eater,dw the picky eater buster and the daredevils,20,,,,picky-eater
C5 fussy / picky eater,dw the picky eater by marc brown,20,,,,picky-eater
C5 fussy / picky eater,dw the picky eater vhs,20,,,,picky-eater
C5 fussy / picky eater,eat healthy for picky eaters,20,,,,picky-eater
C5 fussy / picky eater,ellyn satter picky eater,20,,,,picky-eater
C5 fussy / picky eater,ellyn satter picky eating,20,,,,picky-eater
C5 fussy / picky eater,end picky eating,20,,,,picky-eater
C5 fussy / picky eater,erin graham picky eater,20,,,,picky-eater
C5 fussy / picky eater,erin graham picky eater now,20,,,,picky-eater
C5 fussy / picky eater,extreme picky eater toddler,20,,,,picky-eater
C5 fussy / picky eater,extreme picky eating diagnosis,20,,,,picky-eater
C5 fussy / picky eater,extreme picky eating help,20,,,,picky-eater
C5 fussy / picky eater,extremely picky eater 7 year-old,20,,,,picky-eater
C5 fussy / picky eater,feeding littles picky eating,20,,,,picky-eater
C5 fussy / picky eater,feeding littles picky eating course,20,,,,picky-eater
C5 fussy / picky eater,ff7 rebirth picky eater,20,,,,picky-eater
C5 fussy / picky eater,fiend intel 5 picky eater,20,,,,picky-eater
C5 fussy / picky eater,fix picky eating,20,,,,picky-eater
C5 fussy / picky eater,flintstones picky eater,20,,,,picky-eater
C5 fussy / picky eater,food aversion vs picky eating,20,,,,picky-eater
C5 fussy / picky eater,food list picky eater,20,,,,picky-eater
C5 fussy / picky eater,food picky eaters will eat,20,,,,picky-eater
C5 fussy / picky eater,foods for 2 year old picky eater,20,,,,picky-eater
C5 fussy / picky eater,foods picky eaters will eat,20,,,,picky-eater
C5 fussy / picky eater,foods picky eaters won't eat,20,,,,picky-eater
C5 fussy / picky eater,foods to eat for picky eaters,20,,,,picky-eater
C5 fussy / picky eater,foods to try as a picky eater,20,,,,picky-eater
C5 fussy / picky eater,foods to try if you're a picky eater,20,,,,picky-eater
C5 fussy / picky eater,george carlin picky eater,20,,,,picky-eater
C5 fussy / picky eater,getting picky eaters to eat,20,,,,picky-eater
C5 fussy / picky eater,great dane picky eater,20,,,,picky-eater
C5 fussy / picky eater,great pyrenees picky eater,20,,,,picky-eater
C5 fussy / picky eater,gregory the picky eater,20,,,,picky-eater
C5 fussy / picky eater,hardly a picky eater crossword,20,,,,picky-eater
C5 fussy / picky eater,hardly a picky eater crossword clue,20,,,,picky-eater
C5 fussy / picky eater,havanese picky eater,20,,,,picky-eater
C5 fussy / picky eater,healthy eating for extremely picky eaters,20,,,,picky-eater
C5 fussy / picky eater,healthy eating options for picky eaters,20,,,,picky-eater
C5 fussy / picky eater,healthy eating tips for picky eaters,20,,,,picky-eater
C5 fussy / picky eater,healthy foods to eat for picky eaters,20,,,,picky-eater
C5 fussy / picky eater,healthy picky eater dinners,20,,,,picky-eater
C5 fussy / picky eater,healthy things to eat for picky eaters,20,,,,picky-eater
C5 fussy / picky eater,hello fresh picky eater,20,,,,picky-eater
C5 fussy / picky eater,help for teen picky eating,20,,,,picky-eater
C5 fussy / picky eater,help with picky eater,20,,,,picky-eater
C5 fussy / picky eater,how can a picky eater eat healthy,20,,,,picky-eater
C5 fussy / picky eater,how can i stop being a picky eater,20,,,,picky-eater
C5 fussy / picky eater,how do i stop being a picky eater,20,,,,picky-eater
C5 fussy / picky eater,how do picky eaters eat healthy,20,,,,picky-eater
C5 fussy / picky eater,how long does picky eating last,20,,,,picky-eater
C5 fussy / picky eater,how picky of an eater am i,20,,,,picky-eater
C5 fussy / picky eater,how picky of an eater are you,20,,,,picky-eater
C5 fussy / picky eater,how to avoid a picky eater,20,,,,picky-eater
C5 fussy / picky eater,how to avoid raising a picky eater,20,,,,picky-eater
C5 fussy / picky eater,how to be a less picky eater,20,,,,picky-eater
C5 fussy / picky eater,how to be a picky eater,20,,,,picky-eater
C5 fussy / picky eater,how to be healthy as a picky eater,20,,,,picky-eater
C5 fussy / picky eater,how to be less of a picky eater,20,,,,picky-eater
C5 fussy / picky eater,how to become a less picky eater,20,,,,picky-eater
C5 fussy / picky eater,how to become a picky eater,20,,,,picky-eater
C5 fussy / picky eater,how to become less of a picky eater,20,,,,picky-eater
C5 fussy / picky eater,how to break a picky eater,20,,,,picky-eater
C5 fussy / picky eater,how to break picky eating,20,,,,picky-eater
C5 fussy / picky eater,how to break picky eating habits,20,,,,picky-eater
C5 fussy / picky eater,how to bulk as a picky eater,20,,,,picky-eater
C5 fussy / picky eater,how to change a picky eater,20,,,,picky-eater
C5 fussy / picky eater,how to change picky eating habits,20,,,,picky-eater
C5 fussy / picky eater,how to combat picky eating,20,,,,picky-eater
C5 fussy / picky eater,how to cure a picky eater,20,,,,picky-eater
C5 fussy / picky eater,how to deal with a picky eater toddler,20,,,,picky-eater
C5 fussy / picky eater,how to eat better as a picky eater,20,,,,picky-eater
C5 fussy / picky eater,how to eat better for picky eaters,20,,,,picky-eater
C5 fussy / picky eater,how to eat healthier when you're picky,20,,,,picky-eater
C5 fussy / picky eater,how to eat healthy being a picky eater,20,,,,picky-eater
C5 fussy / picky eater,how to eat healthy for extremely picky eaters,20,,,,picky-eater
C5 fussy / picky eater,how to eat healthy for picky eaters,20,,,,picky-eater
C5 fussy / picky eater,how to eat healthy if you are a picky eater,20,,,,picky-eater
C5 fussy / picky eater,how to eat healthy if you are picky,20,,,,picky-eater
C5 fussy / picky eater,how to eat healthy if you're a picky eater,20,,,,picky-eater
C5 fussy / picky eater,how to eat healthy if you're picky,20,,,,picky-eater
C5 fussy / picky eater,how to eat healthy if your picky,20,,,,picky-eater
C5 fussy / picky eater,how to eat healthy when picky,20,,,,picky-eater
C5 fussy / picky eater,how to eat healthy when picky eater,20,,,,picky-eater
C5 fussy / picky eater,how to eat healthy when you are a picky eater,20,,,,picky-eater
C5 fussy / picky eater,how to eat healthy when you are picky,20,,,,picky-eater
C5 fussy / picky eater,how to eat healthy when you're a picky eater,20,,,,picky-eater
C5 fussy / picky eater,how to eat healthy when you're picky,20,,,,picky-eater
C5 fussy / picky eater,how to eat vegetables as a picky eater,20,,,,picky-eater
C5 fussy / picky eater,how to eat vegetables for picky eaters,20,,,,picky-eater
C5 fussy / picky eater,how to encourage picky eaters to eat,20,,,,picky-eater
C5 fussy / picky eater,how to feed a picky eater toddler,20,,,,picky-eater
C5 fussy / picky eater,how to feed picky eater shih tzu,20,,,,picky-eater
C5 fussy / picky eater,how to get a picky ball python to eat,20,,,,picky-eater
C5 fussy / picky eater,how to get a picky eater to eat food,20,,,,picky-eater
C5 fussy / picky eater,how to get a picky eater to eat healthy,20,,,,picky-eater
C5 fussy / picky eater,how to get a picky eater to try new foods,20,,,,picky-eater
C5 fussy / picky eater,how to get a picky eater to try new things,20,,,,picky-eater
C5 fussy / picky eater,how to get my picky eater to eat,20,,,,picky-eater
C5 fussy / picky eater,how to get my picky eater to eat healthy,20,,,,picky-eater
C5 fussy / picky eater,how to get my picky eater to try new foods,20,,,,picky-eater
C5 fussy / picky eater,how to get nutrients into a picky eater,20,,,,picky-eater
C5 fussy / picky eater,how to get over being a picky eater,20,,,,picky-eater
C5 fussy / picky eater,how to get over picky eating,20,,,,picky-eater
C5 fussy / picky eater,how to get picky cats to eat,20,,,,picky-eater
C5 fussy / picky eater,how to get picky eater to try new foods,20,,,,picky-eater
C5 fussy / picky eater,how to get picky eaters to eat healthy,20,,,,picky-eater
C5 fussy / picky eater,how to get picky eaters to eat vegetables,20,,,,picky-eater
C5 fussy / picky eater,how to get picky shih tzu to eat,20,,,,picky-eater
C5 fussy / picky eater,how to get picky toddler to eat vegetables,20,,,,picky-eater
C5 fussy / picky eater,how to get rid of picky eating,20,,,,picky-eater
C5 fussy / picky eater,how to get your picky eater to eat,20,,,,picky-eater
C5 fussy / picky eater,how to get your picky eater to eat healthy,20,,,,picky-eater
C5 fussy / picky eater,how to get your picky eater to try new foods,20,,,,picky-eater
C5 fussy / picky eater,how to help a picky eater eat healthy,20,,,,picky-eater
C5 fussy / picky eater,how to help my picky eater,20,,,,picky-eater
C5 fussy / picky eater,how to help picky eaters eat,20,,,,picky-eater
C5 fussy / picky eater,how to introduce new foods to a picky eater,20,,,,picky-eater
C5 fussy / picky eater,how to know if you're a picky eater,20,,,,picky-eater
C5 fussy / picky eater,how to make a picky eater eat,20,,,,picky-eater
C5 fussy / picky eater,how to make a picky eater eat healthy,20,,,,picky-eater
C5 fussy / picky eater,how to make a picky eater eat vegetables,20,,,,picky-eater
C5 fussy / picky eater,how to make a picky eater try new foods,20,,,,picky-eater
C5 fussy / picky eater,how to make broccoli for a picky eater,20,,,,picky-eater
C5 fussy / picky eater,how to make picky eaters eat healthy,20,,,,picky-eater
C5 fussy / picky eater,how to not be a picky eater anymore,20,,,,picky-eater
C5 fussy / picky eater,how to not have a picky eater,20,,,,picky-eater
C5 fussy / picky eater,how to not raise a picky eater,20,,,,picky-eater
C5 fussy / picky eater,how to overcome being a picky eater,20,,,,picky-eater
C5 fussy / picky eater,how to overcome picky eating,20,,,,picky-eater
C5 fussy / picky eater,how to prevent a picky eater,20,,,,picky-eater
C5 fussy / picky eater,how to prevent picky eating,20,,,,picky-eater
C5 fussy / picky eater,how to raise non picky eater,20,,,,picky-eater
C5 fussy / picky eater,how to solve picky eating,20,,,,picky-eater
C5 fussy / picky eater,how to start eating better as a picky eater,20,,,,picky-eater
C5 fussy / picky eater,how to start eating healthy for picky eaters,20,,,,picky-eater
C5 fussy / picky eater,how to start eating healthy picky eater,20,,,,picky-eater
C5 fussy / picky eater,how to stop a picky eater,20,,,,picky-eater
C5 fussy / picky eater,how to stop picky eating,20,,,,picky-eater
C5 fussy / picky eater,how to stop picky eating toddler,20,,,,picky-eater
C5 fussy / picky eater,how to try new foods as a picky eater,20,,,,picky-eater
C5 fussy / picky eater,husky is a picky eater,20,,,,picky-eater
C5 fussy / picky eater,husky picky eater,20,,,,picky-eater
C5 fussy / picky eater,hypnosis for picky eating,20,,,,picky-eater
C5 fussy / picky eater,i am a picky eater,20,,,,picky-eater
C5 fussy / picky eater,i am a very picky eater,20,,,,picky-eater
C5 fussy / picky eater,i am not a picky eater,20,,,,picky-eater
C5 fussy / picky eater,i am picky confessions of a fussy eater,20,,,,picky-eater
C5 fussy / picky eater,i am picky eater,20,,,,picky-eater
C5 fussy / picky eater,i hate being a picky eater,20,,,,picky-eater
C5 fussy / picky eater,i'm not a picky eater,20,,,,picky-eater
C5 fussy / picky eater,icd 10 code for picky eating,20,,,,picky-eater
C5 fussy / picky eater,icd 10 code picky eater,20,,,,picky-eater
C5 fussy / picky eater,icd 10 for picky eater,20,,,,picky-eater
C5 fussy / picky eater,icd 10 picky eating,20,,,,picky-eater
C5 fussy / picky eater,im a picky eater,20,,,,picky-eater
C5 fussy / picky eater,is being a picky eater a bad thing,20,,,,picky-eater
C5 fussy / picky eater,is being a picky eater a choice,20,,,,picky-eater
C5 fussy / picky eater,is being a picky eater a sin,20,,,,picky-eater
C5 fussy / picky eater,is being a picky eater bad,20,,,,picky-eater
C5 fussy / picky eater,is being a picky eater hereditary,20,,,,picky-eater
C5 fussy / picky eater,is it bad to be a picky eater,20,,,,picky-eater
C5 fussy / picky eater,is it normal to be a picky eater,20,,,,picky-eater
C5 fussy / picky eater,is it ok to be a picky eater,20,,,,picky-eater
C5 fussy / picky eater,is picky eating a learned behavior,20,,,,picky-eater
C5 fussy / picky eater,is picky eating bad,20,,,,picky-eater
C5 fussy / picky eater,is picky eating hereditary,20,,,,picky-eater
C5 fussy / picky eater,is picky eating normal,20,,,,picky-eater
C5 fussy / picky eater,is travis kelce a picky eater,20,,,,picky-eater
C5 fussy / picky eater,italian greyhound picky eater,20,,,,picky-eater
C5 fussy / picky eater,jack russell terrier picky eater,20,,,,picky-eater
C5 fussy / picky eater,john rosemond picky eater,20,,,,picky-eater
C5 fussy / picky eater,katie kimball picky eater,20,,,,picky-eater
C5 fussy / picky eater,kids eat in color picky eating,20,,,,picky-eater
C5 fussy / picky eater,labradoodle picky eater,20,,,,picky-eater
C5 fussy / picky eater,labrador picky eater,20,,,,picky-eater
C5 fussy / picky eater,least picky eater,20,,,,picky-eater
C5 fussy / picky eater,leopard gecko picky eater,20,,,,picky-eater
C5 fussy / picky eater,list of picky eater foods,20,,,,picky-eater
C5 fussy / picky eater,little miss picky eater,20,,,,picky-eater
C5 fussy / picky eater,maltese picky eater,20,,,,picky-eater
C5 fussy / picky eater,marla lopez picky eater,20,,,,picky-eater
C5 fussy / picky eater,my 14 month old is a picky eater,20,,,,picky-eater
C5 fussy / picky eater,my 15 month old is a picky eater,20,,,,picky-eater
C5 fussy / picky eater,my 16 month old is a picky eater,20,,,,picky-eater
C5 fussy / picky eater,my 17 month old is a picky eater,20,,,,picky-eater
C5 fussy / picky eater,my 18 month old is a picky eater,20,,,,picky-eater
C5 fussy / picky eater,my 18 month old is a very picky eater,20,,,,picky-eater
C5 fussy / picky eater,my chihuahua is a picky eater,20,,,,picky-eater
C5 fussy / picky eater,my chihuahua is a very picky eater,20,,,,picky-eater
C5 fussy / picky eater,my dachshund is a picky eater,20,,,,picky-eater
C5 fussy / picky eater,my daughter is a picky eater,20,,,,picky-eater
C5 fussy / picky eater,my maltese is a picky eater,20,,,,picky-eater
C5 fussy / picky eater,my picky eater,20,,,,picky-eater
C5 fussy / picky eater,my poodle is a picky eater,20,,,,picky-eater
C5 fussy / picky eater,my shih tzu is a picky eater,20,,,,picky-eater
C5 fussy / picky eater,my shih tzu is picky eater,20,,,,picky-eater
C5 fussy / picky eater,my son is a picky eater,20,,,,picky-eater
C5 fussy / picky eater,my son is a picky eater what do i do,20,,,,picky-eater
C5 fussy / picky eater,my son is a very picky eater,20,,,,picky-eater
C5 fussy / picky eater,my son is very picky eater,20,,,,picky-eater
C5 fussy / picky eater,my teenager is a picky eater,20,,,,picky-eater
C5 fussy / picky eater,my toddler is a picky eater,20,,,,picky-eater
C5 fussy / picky eater,my yorkie is a picky eater,20,,,,picky-eater
C5 fussy / picky eater,my yorkie is a very picky eater,20,,,,picky-eater
C5 fussy / picky eater,national picky eater day,20,,,,picky-eater
C5 fussy / picky eater,neurodivergent picky eater,20,,,,picky-eater
C5 fussy / picky eater,noctis picky eater,20,,,,picky-eater
C5 fussy / picky eater,non picky eater,20,,,,picky-eater
C5 fussy / picky eater,not a picky eater,20,,,,picky-eater
C5 fussy / picky eater,not a picky eater 7 little words,20,,,,picky-eater
C5 fussy / picky eater,not a picky eater crossword clue,20,,,,picky-eater
C5 fussy / picky eater,not just a picky eater,20,,,,picky-eater
C5 fussy / picky eater,not just a picky eater documentary,20,,,,picky-eater
C5 fussy / picky eater,not picky eater,20,,,,picky-eater
C5 fussy / picky eater,one year old picky eater all of a sudden,20,,,,picky-eater
C5 fussy / picky eater,ot for picky eating,20,,,,picky-eater
C5 fussy / picky eater,other words for picky eater,20,,,,picky-eater
C5 fussy / picky eater,overcome picky eating,20,,,,picky-eater
C5 fussy / picky eater,pediatrician advice picky eater,20,,,,picky-eater
C5 fussy / picky eater,picky 13 month old eater,20,,,,picky-eater
C5 fussy / picky eater,picky 14 month old eater,20,,,,picky-eater
C5 fussy / picky eater,picky 16 month old eater,20,,,,picky-eater
C5 fussy / picky eater,picky eater 13 month old,20,,,,picky-eater
C5 fussy / picky eater,picky eater 14 month old,20,,,,picky-eater
C5 fussy / picky eater,picky eater 15 month old,20,,,,picky-eater
C5 fussy / picky eater,picky eater 16 month old,20,,,,picky-eater
C5 fussy / picky eater,picky eater 18 months,20,,,,picky-eater
C5 fussy / picky eater,picky eater 2 year old,20,,,,picky-eater
C5 fussy / picky eater,picky eater 20 month old,20,,,,picky-eater
C5 fussy / picky eater,picky eater age,20,,,,picky-eater
C5 fussy / picky eater,picky eater antonyms,20,,,,picky-eater
C5 fussy / picky eater,picky eater appetizers,20,,,,picky-eater
C5 fussy / picky eater,picky eater approved,20,,,,picky-eater
C5 fussy / picky eater,picky eater article,20,,,,picky-eater
C5 fussy / picky eater,picky eater buzzfeed,20,,,,picky-eater
C5 fussy / picky eater,picky eater by stephen roos,20,,,,picky-eater
C5 fussy / picky eater,picky eater cats,20,,,,picky-eater
C5 fussy / picky eater,picky eater causes,20,,,,picky-eater
C5 fussy / picky eater,picky eater check,20,,,,picky-eater
C5 fussy / picky eater,picky eater chihuahua,20,,,,picky-eater
C5 fussy / picky eater,picky eater chili,20,,,,picky-eater
C5 fussy / picky eater,picky eater condition,20,,,,picky-eater
C5 fussy / picky eater,picky eater course,20,,,,picky-eater
C5 fussy / picky eater,picky eater deutsch,20,,,,picky-eater
C5 fussy / picky eater,picky eater diagnosis,20,,,,picky-eater
C5 fussy / picky eater,picky eater disease,20,,,,picky-eater
C5 fussy / picky eater,picky eater drawing,20,,,,picky-eater
C5 fussy / picky eater,picky eater during pregnancy,20,,,,picky-eater
C5 fussy / picky eater,picky eater edition,20,,,,picky-eater
C5 fussy / picky eater,picky eater en español,20,,,,picky-eater
C5 fussy / picky eater,picky eater en francais,20,,,,picky-eater
C5 fussy / picky eater,picky eater español,20,,,,picky-eater
C5 fussy / picky eater,picky eater examples,20,,,,picky-eater
C5 fussy / picky eater,picky eater ff7 rebirth,20,,,,picky-eater
C5 fussy / picky eater,picky eater food chart,20,,,,picky-eater
C5 fussy / picky eater,picky eater foods they don t like,20,,,,picky-eater
C5 fussy / picky eater,picky eater foods they don't like,20,,,,picky-eater
C5 fussy / picky eater,picky eater grocery list,20,,,,picky-eater
C5 fussy / picky eater,picky eater guru,20,,,,picky-eater
C5 fussy / picky eater,picky eater handout,20,,,,picky-eater
C5 fussy / picky eater,picky eater how to deal,20,,,,picky-eater
C5 fussy / picky eater,picky eater husky,20,,,,picky-eater
C5 fussy / picky eater,picky eater icd,20,,,,picky-eater
C5 fussy / picky eater,picky eater icd 10 code,20,,,,picky-eater
C5 fussy / picky eater,picky eater icon,20,,,,picky-eater
C5 fussy / picky eater,picky eater in arabic,20,,,,picky-eater
C5 fussy / picky eater,picky eater in italian,20,,,,picky-eater
C5 fussy / picky eater,picky eater in italiano,20,,,,picky-eater
C5 fussy / picky eater,picky eater in japan,20,,,,picky-eater
C5 fussy / picky eater,picky eater in tagalog,20,,,,picky-eater
C5 fussy / picky eater,picky eater kidshealth,20,,,,picky-eater
C5 fussy / picky eater,picky eater management,20,,,,picky-eater
C5 fussy / picky eater,picky eater meal kits,20,,,,picky-eater
C5 fussy / picky eater,picky eater meal prep ideas,20,,,,picky-eater
C5 fussy / picky eater,picky eater multi,20,,,,picky-eater
C5 fussy / picky eater,picky eater opposite,20,,,,picky-eater
C5 fussy / picky eater,picky eater opposite word,20,,,,picky-eater
C5 fussy / picky eater,picky eater perdigon,20,,,,picky-eater
C5 fussy / picky eater,picky eater personality,20,,,,picky-eater
C5 fussy / picky eater,picky eater phase,20,,,,picky-eater
C5 fussy / picky eater,picky eater phase sims 4,20,,,,picky-eater
C5 fussy / picky eater,picky eater placemat,20,,,,picky-eater
C5 fussy / picky eater,picky eater powder,20,,,,picky-eater
C5 fussy / picky eater,picky eater pregnancy,20,,,,picky-eater
C5 fussy / picky eater,picky eater problems,20,,,,picky-eater
C5 fussy / picky eater,picky eater program,20,,,,picky-eater
C5 fussy / picky eater,picky eater project,20,,,,picky-eater
C5 fussy / picky eater,picky eater protocol,20,,,,picky-eater
C5 fussy / picky eater,picky eater que es,20,,,,picky-eater
C5 fussy / picky eater,picky eater questionnaire,20,,,,picky-eater
C5 fussy / picky eater,picky eater reasons,20,,,,picky-eater
C5 fussy / picky eater,picky eater research,20,,,,picky-eater
C5 fussy / picky eater,picky eater reward chart,20,,,,picky-eater
C5 fussy / picky eater,picky eater safe foods,20,,,,picky-eater
C5 fussy / picky eater,picky eater salad,20,,,,picky-eater
C5 fussy / picky eater,picky eater seasoning,20,,,,picky-eater
C5 fussy / picky eater,picky eater shih tzu,20,,,,picky-eater
C5 fussy / picky eater,picky eater side dishes,20,,,,picky-eater
C5 fussy / picky eater,picky eater significado,20,,,,picky-eater
C5 fussy / picky eater,picky eater sims 4,20,,,,picky-eater
C5 fussy / picky eater,picky eater solutions,20,,,,picky-eater
C5 fussy / picky eater,picky eater starter pack,20,,,,picky-eater
C5 fussy / picky eater,picky eater supper ideas,20,,,,picky-eater
C5 fussy / picky eater,picky eater survey,20,,,,picky-eater
C5 fussy / picky eater,picky eater symptoms,20,,,,picky-eater
C5 fussy / picky eater,picky eater syndrom,20,,,,picky-eater
C5 fussy / picky eater,picky eater teenager,20,,,,picky-eater
C5 fussy / picky eater,picky eater text,20,,,,picky-eater
C5 fussy / picky eater,picky eater texture,20,,,,picky-eater
C5 fussy / picky eater,picky eater texture issues,20,,,,picky-eater
C5 fussy / picky eater,picky eater tips and tricks,20,,,,picky-eater
C5 fussy / picky eater,picky eater tips for parents,20,,,,picky-eater
C5 fussy / picky eater,picky eater tools,20,,,,picky-eater
C5 fussy / picky eater,picky eater tratamiento,20,,,,picky-eater
C5 fussy / picky eater,picky eater tray,20,,,,picky-eater
C5 fussy / picky eater,picky eater treatment,20,,,,picky-eater
C5 fussy / picky eater,picky eater trying to eat healthy,20,,,,picky-eater
C5 fussy / picky eater,picky eater vegetable powder,20,,,,picky-eater
C5 fussy / picky eater,picky eater vegetables,20,,,,picky-eater
C5 fussy / picky eater,picky eater vs food aversion,20,,,,picky-eater
C5 fussy / picky eater,picky eater vs problem eater,20,,,,picky-eater
C5 fussy / picky eater,picky eater vs problem feeder pdf,20,,,,picky-eater
C5 fussy / picky eater,picky eater vs selective eater,20,,,,picky-eater
C5 fussy / picky eater,picky eater what to do,20,,,,picky-eater
C5 fussy / picky eater,picky eater wikipedia,20,,,,picky-eater
C5 fussy / picky eater,picky eater 中文,20,,,,picky-eater
C5 fussy / picky eater,picky eater 意味,20,,,,picky-eater
C5 fussy / picky eater,picky eater 日本 語,20,,,,picky-eater
C5 fussy / picky eater,picky eater 뜻,20,,,,picky-eater
C5 fussy / picky eater,picky eaters guide to eating healthy,20,,,,picky-eater
C5 fussy / picky eater,picky eating 18 month old,20,,,,picky-eater
C5 fussy / picky eater,picky eating adalah,20,,,,picky-eater
C5 fussy / picky eater,picky eating age,20,,,,picky-eater
C5 fussy / picky eater,picky eating behavior,20,,,,picky-eater
C5 fussy / picky eater,picky eating causes,20,,,,picky-eater
C5 fussy / picky eater,picky eating course,20,,,,picky-eater
C5 fussy / picky eater,picky eating genetic,20,,,,picky-eater
C5 fussy / picky eater,picky eating habits,20,,,,picky-eater
C5 fussy / picky eater,picky eating in children,20,,,,picky-eater
C5 fussy / picky eater,picky eating is related to,20,,,,picky-eater
C5 fussy / picky eater,picky eating kids,20,,,,picky-eater
C5 fussy / picky eater,picky eating phase,20,,,,picky-eater
C5 fussy / picky eater,picky eating questionnaire,20,,,,picky-eater
C5 fussy / picky eater,picky eating questionnaire pdf,20,,,,picky-eater
C5 fussy / picky eater,picky eating resources,20,,,,picky-eater
C5 fussy / picky eater,picky eating resources for parents,20,,,,picky-eater
C5 fussy / picky eater,picky eating solid starts,20,,,,picky-eater
C5 fussy / picky eater,picky eating specialist,20,,,,picky-eater
C5 fussy / picky eater,picky eating vs problem feeding,20,,,,picky-eater
C5 fussy / picky eater,picky eating vs selective eating,20,,,,picky-eater
C5 fussy / picky eater,picky food eater list,20,,,,picky-eater
C5 fussy / picky eater,picky golden retriever eater,20,,,,picky-eater
C5 fussy / picky eater,picky poodle eater,20,,,,picky-eater
C5 fussy / picky eater,picky teenager eater,20,,,,picky-eater
C5 fussy / picky eater,pitbull picky eater,20,,,,picky-eater
C5 fussy / picky eater,places to eat for picky eaters,20,,,,picky-eater
C5 fussy / picky eater,pomeranian picky eater,20,,,,picky-eater
C5 fussy / picky eater,poodle picky eater,20,,,,picky-eater
C5 fussy / picky eater,pregnant picky eater,20,,,,picky-eater
C5 fussy / picky eater,prevent picky eater,20,,,,picky-eater
C5 fussy / picky eater,prevent picky eating,20,,,,picky-eater
C5 fussy / picky eater,problem eater vs picky eater,20,,,,picky-eater
C5 fussy / picky eater,problem feeder vs picky eater,20,,,,picky-eater
C5 fussy / picky eater,pug picky eater,20,,,,picky-eater
C5 fussy / picky eater,que es picky eater,20,,,,picky-eater
C5 fussy / picky eater,que es ser picky eater,20,,,,picky-eater
C5 fussy / picky eater,que es un picky eater,20,,,,picky-eater
C5 fussy / picky eater,reverse picky eating,20,,,,picky-eater
C5 fussy / picky eater,root cause of picky eating,20,,,,picky-eater
C5 fussy / picky eater,root causes of picky eating,20,,,,picky-eater
C5 fussy / picky eater,royal canin picky eater,20,,,,picky-eater
C5 fussy / picky eater,saint bernard picky eater,20,,,,picky-eater
C5 fussy / picky eater,samoyed picky eater,20,,,,picky-eater
C5 fussy / picky eater,selective eater vs picky eater,20,,,,picky-eater
C5 fussy / picky eater,she is a picky eater,20,,,,picky-eater
C5 fussy / picky eater,shiba inu picky eater,20,,,,picky-eater
C5 fussy / picky eater,shih tzu very picky eater,20,,,,picky-eater
C5 fussy / picky eater,should you force a picky eater to eat,20,,,,picky-eater
C5 fussy / picky eater,siberian husky picky eater,20,,,,picky-eater
C5 fussy / picky eater,signs of a picky eater,20,,,,picky-eater
C5 fussy / picky eater,signs of picky eater,20,,,,picky-eater
C5 fussy / picky eater,signs you're a picky eater,20,,,,picky-eater
C5 fussy / picky eater,sims 4 picky eater,20,,,,picky-eater
C5 fussy / picky eater,sims 4 picky eater phase,20,,,,picky-eater
C5 fussy / picky eater,sims 4 remove picky eater,20,,,,picky-eater
C5 fussy / picky eater,solid starts picky eating,20,,,,picky-eater
C5 fussy / picky eater,solid starts reverse picky eating,20,,,,picky-eater
C5 fussy / picky eater,spd and picky eating,20,,,,picky-eater
C5 fussy / picky eater,stop being a picky eater,20,,,,picky-eater
C5 fussy / picky eater,stories of extreme picky eating,20,,,,picky-eater
C5 fussy / picky eater,super picky eater,20,,,,picky-eater
C5 fussy / picky eater,supernanny picky eater,20,,,,picky-eater
C5 fussy / picky eater,supertaster picky eater,20,,,,picky-eater
C5 fussy / picky eater,table talk picky eating,20,,,,picky-eater
C5 fussy / picky eater,the big comfy couch picky eater,20,,,,picky-eater
C5 fussy / picky eater,the no cry picky eater solution,20,,,,picky-eater
C5 fussy / picky eater,the picky eater betsy parkinson,20,,,,picky-eater
C5 fussy / picky eater,the picky eater project,20,,,,picky-eater
C5 fussy / picky eater,the picky eater project pdf,20,,,,picky-eater
C5 fussy / picky eater,the picky eating solution,20,,,,picky-eater
C5 fussy / picky eater,things for picky eaters to eat,20,,,,picky-eater
C5 fussy / picky eater,things picky eaters will eat,20,,,,picky-eater
C5 fussy / picky eater,things to eat for picky eaters,20,,,,picky-eater
C5 fussy / picky eater,top picky eater foods,20,,,,picky-eater
C5 fussy / picky eater,travis kelce picky eater,20,,,,picky-eater
C5 fussy / picky eater,ways to eat healthy for picky eaters,20,,,,picky-eater
C5 fussy / picky eater,what age does picky eating end,20,,,,picky-eater
C5 fussy / picky eater,what age does picky eating start,20,,,,picky-eater
C5 fussy / picky eater,what causes a picky eater,20,,,,picky-eater
C5 fussy / picky eater,what causes someone to be a picky eater,20,,,,picky-eater
C5 fussy / picky eater,what defines a picky eater,20,,,,picky-eater
C5 fussy / picky eater,what do picky eaters eat,20,,,,picky-eater
C5 fussy / picky eater,what do picky eaters like to eat,20,,,,picky-eater
C5 fussy / picky eater,what do you call a picky eater,20,,,,picky-eater
C5 fussy / picky eater,what does a picky eater mean,20,,,,picky-eater
C5 fussy / picky eater,what does being a picky eater mean,20,,,,picky-eater
C5 fussy / picky eater,what does it mean if your a picky eater,20,,,,picky-eater
C5 fussy / picky eater,what does it mean to be a picky eater,20,,,,picky-eater
C5 fussy / picky eater,what does picky eater mean,20,,,,picky-eater
C5 fussy / picky eater,what is a picky eater called,20,,,,picky-eater
C5 fussy / picky eater,what is considered a picky eater,20,,,,picky-eater
C5 fussy / picky eater,what is considered picky eating,20,,,,picky-eater
C5 fussy / picky eater,what is extreme picky eating,20,,,,picky-eater
C5 fussy / picky eater,what is it called when you are a picky eater,20,,,,picky-eater
C5 fussy / picky eater,what is picky eating a sign of,20,,,,picky-eater
C5 fussy / picky eater,what is the opposite of a picky eater,20,,,,picky-eater
C5 fussy / picky eater,what makes a picky eater,20,,,,picky-eater
C5 fussy / picky eater,what makes someone a picky eater,20,,,,picky-eater
C5 fussy / picky eater,what to cook for a picky eater,20,,,,picky-eater
C5 fussy / picky eater,what to do if you have a picky eater,20,,,,picky-eater
C5 fussy / picky eater,what to do if you're a picky eater,20,,,,picky-eater
C5 fussy / picky eater,what to eat as a picky eater,20,,,,picky-eater
C5 fussy / picky eater,what to eat for picky eaters,20,,,,picky-eater
C5 fussy / picky eater,what to eat in greece for picky eaters,20,,,,picky-eater
C5 fussy / picky eater,what to eat in japan for picky eaters,20,,,,picky-eater
C5 fussy / picky eater,what to feed a picky eater,20,,,,picky-eater
C5 fussy / picky eater,what to give a picky eater,20,,,,picky-eater
C5 fussy / picky eater,what's a picky eater,20,,,,picky-eater
C5 fussy / picky eater,what's picky eater,20,,,,picky-eater
C5 fussy / picky eater,when does picky eating get better,20,,,,picky-eater
C5 fussy / picky eater,when does picky eating improve,20,,,,picky-eater
C5 fussy / picky eater,when does picky eating peak,20,,,,picky-eater
C5 fussy / picky eater,when is picky eating a problem,20,,,,picky-eater
C5 fussy / picky eater,when picky eating becomes a problem,20,,,,picky-eater
C5 fussy / picky eater,when to be concerned about picky eating,20,,,,picky-eater
C5 fussy / picky eater,when to wonder picky eating,20,,,,picky-eater
C5 fussy / picky eater,which of the following statements about picky eating is false,20,,,,picky-eater
C5 fussy / picky eater,which statement about picky eating in young childhood is true,20,,,,picky-eater
C5 fussy / picky eater,who is a picky eater,20,,,,picky-eater
C5 fussy / picky eater,who is picky eater,20,,,,picky-eater
C5 fussy / picky eater,why am i becoming a picky eater,20,,,,picky-eater
C5 fussy / picky eater,why am i not a picky eater,20,,,,picky-eater
C5 fussy / picky eater,why am i picky eater,20,,,,picky-eater
C5 fussy / picky eater,why am i suddenly a picky eater,20,,,,picky-eater
C5 fussy / picky eater,why am ia picky eater,20,,,,picky-eater
C5 fussy / picky eater,why did picky piggy eat the smiling critters,20,,,,picky-eater
C5 fussy / picky eater,why is my husky a picky eater,20,,,,picky-eater
C5 fussy / picky eater,why is my shih tzu a picky eater,20,,,,picky-eater
C5 fussy / picky eater,word for picky eater,20,,,,picky-eater
C5 fussy / picky eater,yorkie picky eater,20,,,,picky-eater
C5 fussy / picky eater,vegetables for picky kids,10,,,,kids-vegetables
C5 fussy / picky eater,19 month old picky eating,10,,,,picky-eater
C5 fussy / picky eater,2.5 year old picky eater,10,,,,picky-eater
C5 fussy / picky eater,4 year old extremely picky eater,10,,,,picky-eater
C5 fussy / picky eater,4 year old suddenly picky eater,10,,,,picky-eater
C5 fussy / picky eater,6 year old picky eater,10,,,,picky-eater
C5 fussy / picky eater,7 day picky eater reset,10,,,,picky-eater
C5 fussy / picky eater,7 day picky eater reset pdf,10,,,,picky-eater
C5 fussy / picky eater,7 year old picky eater,10,,,,picky-eater
C5 fussy / picky eater,8 year old picky eater,10,,,,picky-eater
C5 fussy / picky eater,aap guidelines picky eating toddlers,10,,,,picky-eater
C5 fussy / picky eater,aap healthychildren picky eating toddlers mealtime battles guidance,10,,,,picky-eater
C5 fussy / picky eater,aap hiding vegetables picky eater advice,10,,,,picky-eater
C5 fussy / picky eater,aap picky eater,10,,,,picky-eater
C5 fussy / picky eater,aap picky eating fewer than 10 foods,10,,,,picky-eater
C5 fussy / picky eater,aap picky eating repeated exposure 10 15 times toddlers,10,,,,picky-eater
C5 fussy / picky eater,aap toddler picky eating repeated exposure 10 to 15 times,10,,,,picky-eater
C5 fussy / picky eater,american academy of pediatrics guidelines picky eating toddlers,10,,,,picky-eater
C5 fussy / picky eater,american academy of pediatrics picky eating advice,10,,,,picky-eater
C5 fussy / picky eater,american academy of pediatrics picky eating guidelines,10,,,,picky-eater
C5 fussy / picky eater,american academy of pediatrics picky eating toddler guidelines,10,,,,picky-eater
C5 fussy / picky eater,american academy of pediatrics picky eating toddlers,10,,,,picky-eater
C5 fussy / picky eater,arti picky eater,10,,,,picky-eater
C5 fussy / picky eater,bernedoodle picky eater,10,,,,picky-eater
C5 fussy / picky eater,best alternative nutrition options for picky eater kids,10,,,,picky-eater
C5 fussy / picky eater,better bites picky eating course,10,,,,picky-eater
C5 fussy / picky eater,breaking free of picky eating,10,,,,picky-eater
C5 fussy / picky eater,canadian paediatric society picky eating toddlers division of responsibility,10,,,,picky-eater
C5 fussy / picky eater,canadian paediatric society picky eating toddlers mealtime battles,10,,,,picky-eater
C5 fussy / picky eater,cause of picky eating,10,,,,picky-eater
C5 fussy / picky eater,cdc toddler mealtime picky eating guidance,10,,,,picky-eater
C5 fussy / picky eater,coping with a picky eater,10,,,,picky-eater
C5 fussy / picky eater,creative ways to get picky eaters to eat,10,,,,picky-eater
C5 fussy / picky eater,does wet food help picky eaters eat more consistently,10,,,,picky-eater
C5 fussy / picky eater,don't be a picky eater,10,,,,picky-eater
C5 fussy / picky eater,effect picky eater,10,,,,picky-eater
C5 fussy / picky eater,evidence-based strategies for picky eating in children,10,,,,picky-eater
C5 fussy / picky eater,extreme picky eating toddler,10,,,,picky-eater
C5 fussy / picky eater,extremely picky eater 5 year old,10,,,,picky-eater
C5 fussy / picky eater,feeding a picky eater,10,,,,picky-eater
C5 fussy / picky eater,flintstone picky eater,10,,,,picky-eater
C5 fussy / picky eater,food for a picky eater,10,,,,picky-eater
C5 fussy / picky eater,food ideas for 1 year old picky eater,10,,,,picky-eater
C5 fussy / picky eater,food picky eaters won't eat,10,,,,picky-eater
C5 fussy / picky eater,food to eat for picky eaters,10,,,,picky-eater
C5 fussy / picky eater,food to eat in japan for picky eaters,10,,,,picky-eater
C5 fussy / picky eater,foods for picky toddlers to eat,10,,,,picky-eater
C5 fussy / picky eater,foods picky eaters don't eat,10,,,,picky-eater
C5 fussy / picky eater,foods picky toddlers will eat,10,,,,picky-eater
C5 fussy / picky eater,for a picky eater,10,,,,picky-eater
C5 fussy / picky eater,for picky eater,10,,,,picky-eater
C5 fussy / picky eater,healthy children picky eater,10,,,,picky-eater
C5 fussy / picky eater,healthy children picky eating,10,,,,picky-eater
C5 fussy / picky eater,healthy eating for picky toddlers,10,,,,picky-eater
C5 fussy / picky eater,healthy eating plans for picky eaters,10,,,,picky-eater
C5 fussy / picky eater,healthy food for a picky eater,10,,,,picky-eater
C5 fussy / picky eater,healthy food picky eater,10,,,,picky-eater
C5 fussy / picky eater,healthy food to eat for picky eaters,10,,,,picky-eater
C5 fussy / picky eater,healthychildren.org picky eating,10,,,,picky-eater
C5 fussy / picky eater,helping your child with extreme picky eating,10,,,,picky-eater
C5 fussy / picky eater,how to avoid picky eating,10,,,,picky-eater
C5 fussy / picky eater,how to be less picky eater,10,,,,picky-eater
C5 fussy / picky eater,how to cure picky eating,10,,,,picky-eater
C5 fussy / picky eater,how to deal with a picky eater teenager,10,,,,picky-eater
C5 fussy / picky eater,how to deal with picky eater kids,10,,,,picky-eater
C5 fussy / picky eater,how to eat healthy when you're super picky,10,,,,picky-eater
C5 fussy / picky eater,how to ensure picky eater child gets all nutrients,10,,,,picky-eater
C5 fussy / picky eater,how to fix picky eating toddler,10,,,,picky-eater
C5 fussy / picky eater,how to get a picky eater to eat vegetables,10,,,,picky-eater
C5 fussy / picky eater,how to get a picky kid to eat,10,,,,picky-eater
C5 fussy / picky eater,how to get a picky toddler to eat different foods,10,,,,picky-eater
C5 fussy / picky eater,how to get picky kids to eat,10,,,,picky-eater
C5 fussy / picky eater,how to get picky toddlers to eat,10,,,,picky-eater
C5 fussy / picky eater,how to get your picky toddler to eat,10,,,,picky-eater
C5 fussy / picky eater,how to handle picky eater toddler,10,,,,picky-eater
C5 fussy / picky eater,how to handle picky toddler eater,10,,,,picky-eater
C5 fussy / picky eater,how to help a picky eater child,10,,,,picky-eater
C5 fussy / picky eater,how to help a picky eater toddler,10,,,,picky-eater
C5 fussy / picky eater,how to help a picky toddler eat,10,,,,picky-eater
C5 fussy / picky eater,how to help picky eater,10,,,,picky-eater
C5 fussy / picky eater,how to help picky eater toddler,10,,,,picky-eater
C5 fussy / picky eater,how to help picky eaters eat healthy,10,,,,picky-eater
C5 fussy / picky eater,how to help picky toddler eat,10,,,,picky-eater
C5 fussy / picky eater,how to make picky eaters eat,10,,,,picky-eater
C5 fussy / picky eater,how to make your kid not a picky eater,10,,,,picky-eater
C5 fussy / picky eater,how to please a picky eater,10,,,,picky-eater
C5 fussy / picky eater,how to reverse picky eating in toddlers,10,,,,picky-eater
C5 fussy / picky eater,how to start eating vegetables as a picky eater,10,,,,picky-eater
C5 fussy / picky eater,how to stop being picky eater,10,,,,picky-eater
C5 fussy / picky eater,how to stop picky eating in kids,10,,,,picky-eater
C5 fussy / picky eater,how to teach picky eater to eat,10,,,,picky-eater
C5 fussy / picky eater,how to tell if you're a picky eater,10,,,,picky-eater
C5 fussy / picky eater,i want to eat healthy but i'm a picky eater,10,,,,picky-eater
C5 fussy / picky eater,icd10 picky eater,10,,,,picky-eater
C5 fussy / picky eater,is gordon ramsay a picky eater,10,,,,picky-eater
C5 fussy / picky eater,lil yachty picky eater,10,,,,picky-eater
C5 fussy / picky eater,list of foods picky eaters won't eat,10,,,,picky-eater
C5 fussy / picky eater,my picky eater won't eat,10,,,,picky-eater
C5 fussy / picky eater,no cry picky eater solution,10,,,,picky-eater
C5 fussy / picky eater,no she's not just a picky eater,10,,,,picky-eater
C5 fussy / picky eater,non picky eater foods,10,,,,picky-eater
C5 fussy / picky eater,not a picky eater crossword,10,,,,picky-eater
C5 fussy / picky eater,papillon picky eater,10,,,,picky-eater
C5 fussy / picky eater,picky 12 month old eater,10,,,,picky-eater
C5 fussy / picky eater,picky 2 year old eater,10,,,,picky-eater
C5 fussy / picky eater,picky 3 year old eater,10,,,,picky-eater
C5 fussy / picky eater,picky 4 year old eater,10,,,,picky-eater
C5 fussy / picky eater,picky eater 1 year old,10,,,,picky-eater
C5 fussy / picky eater,picky eater 15 months,10,,,,picky-eater
C5 fussy / picky eater,picky eater 3 year old,10,,,,picky-eater
C5 fussy / picky eater,picky eater 5 year old,10,,,,picky-eater
C5 fussy / picky eater,picky eater augment bo6,10,,,,picky-eater
C5 fussy / picky eater,picky eater charcuterie board,10,,,,picky-eater
C5 fussy / picky eater,picky eater child,10,,,,picky-eater
C5 fussy / picky eater,picky eater child solutions,10,,,,picky-eater
C5 fussy / picky eater,picky eater foods list,10,,,,picky-eater
C5 fussy / picky eater,picky eater genetic,10,,,,picky-eater
C5 fussy / picky eater,picky eater how to fix,10,,,,picky-eater
C5 fussy / picky eater,picky eater ideas,10,,,,picky-eater
C5 fussy / picky eater,picky eater is,10,,,,picky-eater
C5 fussy / picky eater,picky eater journal,10,,,,picky-eater
C5 fussy / picky eater,picky eater keramik,10,,,,picky-eater
C5 fussy / picky eater,picky eater pronunciation,10,,,,picky-eater
C5 fussy / picky eater,picky eater rezepte,10,,,,picky-eater
C5 fussy / picky eater,picky eater strategies,10,,,,picky-eater
C5 fussy / picky eater,picky eater toddler food ideas,10,,,,picky-eater
C5 fussy / picky eater,picky eater toddler help,10,,,,picky-eater
C5 fussy / picky eater,picky eater tradução,10,,,,picky-eater
C5 fussy / picky eater,picky eater 日本語,10,,,,picky-eater
C5 fussy / picky eater,picky eating 15 month old,10,,,,picky-eater
C5 fussy / picky eater,picky eating 18 months,10,,,,picky-eater
C5 fussy / picky eater,picky eating 4 year old,10,,,,picky-eater
C5 fussy / picky eater,picky eating diagnosis,10,,,,picky-eater
C5 fussy / picky eater,picky eating handout,10,,,,picky-eater
C5 fussy / picky eater,picky eating healthy children,10,,,,picky-eater
C5 fussy / picky eater,picky eating help,10,,,,picky-eater
C5 fussy / picky eater,picky eating in kids,10,,,,picky-eater
C5 fussy / picky eater,picky eating in toddlers,10,,,,picky-eater
C5 fussy / picky eater,picky eating in young children,10,,,,picky-eater
C5 fussy / picky eater,picky eating program,10,,,,picky-eater
C5 fussy / picky eater,picky eating solutions,10,,,,picky-eater
C5 fussy / picky eater,picky eating solutions for kids,10,,,,picky-eater
C5 fussy / picky eater,picky eating strategies,10,,,,picky-eater
C5 fussy / picky eater,picky eating study,10,,,,picky-eater
C5 fussy / picky eater,picky eating teenager,10,,,,picky-eater
C5 fussy / picky eater,picky eating toddlers,10,,,,picky-eater
C5 fussy / picky eater,picky eats,10,,,,picky-eater
C5 fussy / picky eater,picky shih tzu eater,10,,,,picky-eater
C5 fussy / picky eater,picky toddler eater,10,,,,picky-eater
C5 fussy / picky eater,picky toddler eating,10,,,,picky-eater
C5 fussy / picky eater,picky yorkie eater,10,,,,picky-eater
C5 fussy / picky eater,picky-eater-friendly nutrition products easy to prepare,10,,,,picky-eater
C5 fussy / picky eater,reasons for picky eating,10,,,,picky-eater
C5 fussy / picky eater,reasons for picky eating in children,10,,,,picky-eater
C5 fussy / picky eater,reversing picky eating,10,,,,picky-eater
C5 fussy / picky eater,table talk picky eating program,10,,,,picky-eater
C5 fussy / picky eater,the good dinosaur picky eater,10,,,,picky-eater
C5 fussy / picky eater,the immunology that underlies picky eating,10,,,,picky-eater
C5 fussy / picky eater,things picky eaters won't eat,10,,,,picky-eater
C5 fussy / picky eater,toddler is a picky eater,10,,,,picky-eater
C5 fussy / picky eater,toddler picky eating phase,10,,,,picky-eater
C5 fussy / picky eater,toddler picky eating tips,10,,,,picky-eater
C5 fussy / picky eater,toddler suddenly picky eater,10,,,,picky-eater
C5 fussy / picky eater,toddler very picky eater,10,,,,picky-eater
C5 fussy / picky eater,two year old picky eater,10,,,,picky-eater
C5 fussy / picky eater,was ist ein picky eater,10,,,,picky-eater
C5 fussy / picky eater,what are some strategies for dealing with a picky eater,10,,,,picky-eater
C5 fussy / picky eater,what do picky kids like to eat,10,,,,picky-eater
C5 fussy / picky eater,what is picky eater,10,,,,picky-eater
C5 fussy / picky eater,when does the picky eating phase end,10,,,,picky-eater
C5 fussy / picky eater,you re not a picky eater,10,,,,picky-eater
C5 fussy / picky eater,you're not a picky eater,10,,,,picky-eater
C5 fussy / picky eater,you're not a picky eater if you're 600 pounds,10,,,,picky-eater
C5 fussy / picky eater,your picky eater,10,,,,picky-eater
C5 fussy / picky eater,挑食 picky eater,10,,,,picky-eater
C3 food neophobia,food neophobia,880,36,Informational,"Image pack, Video, People also ask, Discussions and forums, Related searches, Things to know",food-neophobia
C3 food neophobia,food neophobia in childhood,110,40,Informational,"Featured snippet, Video, People also ask, Related searches",food-neophobia
C3 food neophobia,erin food neophobia,20,,,,food-neophobia
C3 food neophobia,food neophobia is fear of eating,20,,,,food-neophobia
C3 food neophobia,food neophobia scale,20,,,,food-neophobia
C3 food neophobia,food neophobia scale fns,20,,,,food-neophobia
C3 food neophobia,food neophobia scale pdf,20,,,,food-neophobia
C3 food neophobia,food neophobia scale questionnaire,20,,,,food-neophobia
C3 food neophobia,food neophobia symptoms,20,,,,food-neophobia
C3 food neophobia,food neophobia treatment,20,,,,food-neophobia
C3 food neophobia,food technology neophobia,20,,,,food-neophobia
C3 food neophobia,food technology neophobia scale,20,,,,food-neophobia
C3 food neophobia,how to overcome food neophobia,20,,,,food-neophobia
C3 food neophobia,what is food neophobia,20,,,,food-neophobia
C3 food neophobia,food neophobia cure,10,,,,food-neophobia
C3 food neophobia,food neophobia toddler,10,,,,food-neophobia
C3 food neophobia,how to help a child with food neophobia,10,,,,food-neophobia
C3 food neophobia,neophobia food,10,,,,food-neophobia
C7 hiding vegetables,how to hide vegetables for kids,50,23,Informational,"Sitelinks, AI Overview, Image, Video, Video carousel, People also ask, Recipes, Discussions and forums, Related searches",kids-vegetables
C7 hiding vegetables,sneaky vegetables for kids,20,,,,kids-vegetables
C7 hiding vegetables,ways to hide vegetables in food for kids,20,,,,kids-vegetables
C7 hiding vegetables,best way to hide vegetables for kids,10,,,,kids-vegetables
C7 hiding vegetables,hidden vegetables for kids,10,,,,kids-vegetables
C7 hiding vegetables,hide vegetables in kids food,10,,,,kids-vegetables
C7 hiding vegetables,hiding vegetables in food for kids,10,,,,kids-vegetables
C10 which vegetables kids like,kid friendly vegetables,320,17,Informational,"Sitelinks, AI Overview, Image, Video, People also ask, Discussions and forums, Related searches",kids-vegetables
C10 which vegetables kids like,best vegetables for kids,90,13,Commercial,"Sitelinks, AI Overview, Video, Short videos, People also ask, Related searches",kids-vegetables
C10 which vegetables kids like,vegetables kids like,90,14,Informational,"Sitelinks, AI Overview, Video, Video carousel, Short videos, People also ask, Discussions and forums, Related searches",kids-vegetables
C10 which vegetables kids like,kid friendly vegetable sides,50,14,Informational,"Sitelinks, AI Overview, Image, Video, Related searches",kids-vegetables
C10 which vegetables kids like,top 15 kid-friendly vegetables,40,14,"Informational, Commercial","AI Overview, Video, Video carousel, People also ask, Discussions and forums, Related searches",kids-vegetables
C10 which vegetables kids like,kids favorite vegetables,30,,,,kids-vegetables
C10 which vegetables kids like,vegetables that kids like,20,,,,kids-vegetables
C10 which vegetables kids like,best vegetable for kids,10,,,,kids-vegetables
C10 which vegetables kids like,kid friendly vegetable side dishes,10,,,,kids-vegetables
C10 which vegetables kids like,vegetables kids love,10,,,,kids-vegetables
