keyword,page,role
come far mangiare le verdure ai bambini,pillar,primary
bambini che non mangiano verdure,pillar,secondary
mio figlio non mangia le verdure,pillar,secondary
bambino non mangia verdure,pillar,secondary
bambino non mangia la verdura,pillar,secondary
far amare le verdure ai bambini,pillar,secondary
trucchi per far mangiare le verdure ai bambini,pillar,secondary
bambino rifiuta la verdura,pillar,secondary
bambini e verdure,pillar,secondary
imparare a mangiare tutto bambini,pillar,secondary
come far mangiare la verdura ai bambini piccoli,pillar,secondary
perché i bambini non mangiano le verdure,pillar,question
cosa fare se il bambino non mangia le verdure,pillar,question
è normale che un bambino non mangi le verdure,pillar,question
come abituare i bambini alle verdure,pillar,question
quante volte far assaggiare un cibo nuovo a un bambino,hoe-vaak-proeven,primary
bambino non vuole assaggiare,hoe-vaak-proeven,secondary
bambino non vuole assaggiare cibi nuovi,hoe-vaak-proeven,secondary
far assaggiare cibi nuovi ai bambini,hoe-vaak-proeven,secondary
esposizione ripetuta cibo bambini,hoe-vaak-proeven,secondary
educare al gusto bambini,hoe-vaak-proeven,secondary
educazione al gusto bambini,hoe-vaak-proeven,secondary
bambino rifiuta cibi nuovi,hoe-vaak-proeven,secondary
come far provare nuovi cibi ai bambini,hoe-vaak-proeven,secondary
assaggi bambini,hoe-vaak-proeven,secondary
10 assaggi bambini,hoe-vaak-proeven,secondary
quante volte proporre un alimento rifiutato,hoe-vaak-proeven,question
cosa fare se il bambino non assaggia,hoe-vaak-proeven,question
ogni quanto riproporre un cibo al bambino,hoe-vaak-proeven,question
come insegnare ad assaggiare,hoe-vaak-proeven,question
premiare il bambino se mangia,belonen-voor-proeven,primary
premi per far mangiare i bambini,belonen-voor-proeven,secondary
tabella premi bambini,belonen-voor-proeven,secondary
tabella dei premi per bambini,belonen-voor-proeven,secondary
tabella assaggi bambini,belonen-voor-proeven,secondary
tabella degli assaggi,belonen-voor-proeven,secondary
ricompense bambini cibo,belonen-voor-proeven,secondary
dolce come premio bambini,belonen-voor-proeven,secondary
ricattare i bambini per mangiare,belonen-voor-proeven,secondary
premiare bambino che assaggia,belonen-voor-proeven,secondary
rinforzo positivo alimentazione bambini,belonen-voor-proeven,secondary
è giusto premiare un bambino perché mangia,belonen-voor-proeven,question
funziona la tabella dei premi,belonen-voor-proeven,question
il dolce come premio è sbagliato,belonen-voor-proeven,question
come premiare un bambino che assaggia,belonen-voor-proeven,question
neofobia alimentare,voedselneofobie,primary
neofobia alimentare bambini,voedselneofobie,secondary
neofobia alimentare nei bambini cosa fare,voedselneofobie,secondary
neofobia bambini,voedselneofobie,secondary
paura dei cibi nuovi bambini,voedselneofobie,secondary
bambino ha paura di assaggiare,voedselneofobie,secondary
bambino non mangia più quello che mangiava prima,voedselneofobie,secondary
bambino 2 anni non mangia più niente,voedselneofobie,secondary
neofobia alimentare età,voedselneofobie,secondary
fase neofobica bambini,voedselneofobie,secondary
cos'è la neofobia alimentare,voedselneofobie,question
a che età compare la neofobia alimentare,voedselneofobie,question
quanto dura la neofobia alimentare,voedselneofobie,question
la neofobia alimentare passa da sola,voedselneofobie,question
bambino di 2 anni non mangia verdure,peuter-eet-geen-groente,primary
bambino 2 anni non mangia verdure,peuter-eet-geen-groente,secondary
bambino 3 anni non mangia verdure,peuter-eet-geen-groente,secondary
bambino 1 anno non mangia verdure,peuter-eet-geen-groente,secondary
bambino 18 mesi non mangia verdure,peuter-eet-geen-groente,secondary
come far mangiare le verdure a un bambino di 2 anni,peuter-eet-geen-groente,secondary
verdure per bambini di 2 anni,peuter-eet-geen-groente,secondary
bambino 4 anni non mangia verdure,peuter-eet-geen-groente,secondary
bambino piccolo non mangia verdure,peuter-eet-geen-groente,secondary
bambino non mangia più verdure a 2 anni,peuter-eet-geen-groente,secondary
bambino non mangia verdure a 3 anni,peuter-eet-geen-groente,secondary
quanta verdura deve mangiare un bambino di 2 anni,peuter-eet-geen-groente,question
è normale che un bambino di 2 anni rifiuti le verdure,peuter-eet-geen-groente,question
cosa fare se il bambino di 3 anni non mangia verdure,peuter-eet-geen-groente,question
come proporre le verdure a un bambino piccolo,peuter-eet-geen-groente,question
selettività alimentare bambini,moeilijke-eter,primary
bambino selettivo nel cibo,moeilijke-eter,secondary
mio figlio mangia solo pasta,moeilijke-eter,secondary
bambino mangia solo pasta,moeilijke-eter,secondary
bambino mangia poche cose,moeilijke-eter,secondary
mio figlio mangia solo poche cose,moeilijke-eter,secondary
bambino difficile a tavola,moeilijke-eter,secondary
bambino schizzinoso cibo,moeilijke-eter,secondary
bambino che mangia sempre le stesse cose,moeilijke-eter,secondary
bambino mangia solo pane e pasta,moeilijke-eter,secondary
bambino 3 anni mangia solo pasta,moeilijke-eter,secondary
bambini difficili a tavola,moeilijke-eter,secondary
bambino che mangia solo pasta cosa fare,moeilijke-eter,secondary
cos'è la selettività alimentare,moeilijke-eter,question
quando preoccuparsi se il bambino mangia solo pasta,moeilijke-eter,question
bambino selettivo cosa fare,moeilijke-eter,question
la selettività alimentare passa,moeilijke-eter,question
capricci a tavola,geen-strijd-aan-tafel,primary
bambino fa i capricci a tavola,geen-strijd-aan-tafel,secondary
capricci a tavola bambini 2 anni,geen-strijd-aan-tafel,secondary
bambino non vuole mangiare a tavola,geen-strijd-aan-tafel,secondary
forzare i bambini a mangiare,geen-strijd-aan-tafel,secondary
non forzare il bambino a mangiare,geen-strijd-aan-tafel,secondary
obbligare i bambini a mangiare,geen-strijd-aan-tafel,secondary
bambino rifiuta di mangiare a cena,geen-strijd-aan-tafel,secondary
bambino non vuole stare a tavola,geen-strijd-aan-tafel,secondary
regole a tavola bambini,geen-strijd-aan-tafel,secondary
finire il piatto bambini,geen-strijd-aan-tafel,secondary
battaglie a tavola bambini,geen-strijd-aan-tafel,secondary
bambino non mangia a cena,geen-strijd-aan-tafel,secondary
è giusto obbligare un bambino a mangiare,geen-strijd-aan-tafel,question
cosa fare se il bambino non vuole mangiare a cena,geen-strijd-aan-tafel,question
il bambino deve finire il piatto,geen-strijd-aan-tafel,question
come evitare le battaglie a tavola,geen-strijd-aan-tafel,question
nascondere le verdure ai bambini,groente-verstoppen,primary
come nascondere le verdure ai bambini,groente-verstoppen,secondary
verdure nascoste,groente-verstoppen,secondary
verdure nascoste per bambini,groente-verstoppen,secondary
ricette con verdure nascoste bambini,groente-verstoppen,secondary
nascondere le verdure è giusto,groente-verstoppen,secondary
camuffare le verdure bambini,groente-verstoppen,secondary
verdure camuffate,groente-verstoppen,secondary
trucchi per far mangiare le verdure,groente-verstoppen,secondary
sugo con verdure nascoste,groente-verstoppen,secondary
polpette con verdure nascoste,groente-verstoppen,secondary
è giusto nascondere le verdure ai bambini,groente-verstoppen,question
nascondere le verdure funziona,groente-verstoppen,question
quali verdure si possono nascondere,groente-verstoppen,question
il bambino impara a mangiare le verdure se le nascondo,groente-verstoppen,question
bambino non mangia frutta,eet-geen-fruit,primary
bambino non mangia la frutta,eet-geen-fruit,secondary
come far mangiare la frutta ai bambini,eet-geen-fruit,secondary
bambino rifiuta la frutta,eet-geen-fruit,secondary
bambino 2 anni non mangia frutta,eet-geen-fruit,secondary
mio figlio non mangia frutta,eet-geen-fruit,secondary
far mangiare la frutta ai bambini,eet-geen-fruit,secondary
bambino non mangia frutta e verdura,eet-geen-fruit,secondary
bambino non vuole la frutta,eet-geen-fruit,secondary
frutta per bambini che non la mangiano,eet-geen-fruit,secondary
bambino non mangia frutta cosa fare,eet-geen-fruit,secondary
è grave se il bambino non mangia frutta,eet-geen-fruit,question
quanta frutta deve mangiare un bambino,eet-geen-fruit,question
come proporre la frutta ai bambini,eet-geen-fruit,question
quale frutta piace ai bambini,eet-geen-fruit,question
domande da fare ai bambini a cena,de-vraag-aan-tafel,primary
conversazioni a tavola con i bambini,de-vraag-aan-tafel,secondary
cena in famiglia importanza,de-vraag-aan-tafel,secondary
rituali a tavola famiglia,de-vraag-aan-tafel,secondary
come rendere la cena in famiglia divertente,de-vraag-aan-tafel,secondary
parlare a tavola con i bambini,de-vraag-aan-tafel,secondary
mangiare insieme in famiglia benefici,de-vraag-aan-tafel,secondary
giochi a tavola per bambini,de-vraag-aan-tafel,secondary
routine cena famiglia,de-vraag-aan-tafel,secondary
cosa hai mangiato oggi,de-vraag-aan-tafel,secondary
perché è importante cenare insieme,de-vraag-aan-tafel,question
cosa chiedere ai bambini a tavola,de-vraag-aan-tafel,question
come rendere piacevole la cena con i bambini,de-vraag-aan-tafel,question
