cluster,keyword,volume,kd,intent,serp_features,seed
H/P pillar: verdure e bambini,come far mangiare le verdure ai bambini,260,14,Informational,"Sitelinks, AI Overview, Video, Video carousel, People also ask, Related searches",bambini-verdure
H/P pillar: verdure e bambini,verdure per bambini,210,13,Informational,"AI Overview, Image, Video, Video carousel, Short videos, People also ask, Recipes, Related searches",bambini-verdure
H/P pillar: verdure e bambini,verdure bambini,40,,,,bambini-verdure
H/P pillar: verdure e bambini,bambini che non mangiano verdure conseguenze,30,,,,bambino-non-mangia
H/P pillar: verdure e bambini,come fare mangiare le verdure ai bambini,30,,,,bambini-verdure
H/P pillar: verdure e bambini,contorni per bambini che non mangiano verdure,20,,,,bambino-non-mangia
H/P pillar: verdure e bambini,come far mangiare verdure ai bambini,20,,,,bambini-verdure
H/P pillar: verdure e bambini,perche i bambini non mangiano le verdure,10,,,,bambino-non-mangia
H/P pillar: verdure e bambini,come far mangiare la verdura ai bambini,10,,,,bambini-verdure
H/P pillar: verdure e bambini,come nascondere le verdure ai bambini,10,,,,bambini-verdure
H/P pillar: verdure e bambini,far mangiare le verdure ai bambini,10,,,,bambini-verdure
H/P pillar: verdure e bambini,far mangiare verdure ai bambini,10,,,,bambini-verdure
H/P pillar: verdure e bambini,trucchi per far mangiare le verdure ai bambini,10,,,,bambini-verdure
H/P pillar: verdure e bambini,verdura per bambini,10,,,,bambini-verdure
C4b bambino non mangia (general),bambino non mangia psicologia,480,9,Informational,"AI Overview, Reviews, Video, Video carousel, People also ask, Related searches",bambino-non-mangia
C4b bambino non mangia (general),bambino 2 anni non mangia più,260,14,Informational,"Sitelinks, AI Overview, Video, Video carousel, Short videos, People also ask, Related searches",bambino-non-mangia
C4b bambino non mangia (general),bambini che non mangiano,210,16,Informational,"Sitelinks, AI Overview, Image pack, Video, Video carousel, People also ask, Related searches",bambino-non-mangia
C4b bambino non mangia (general),bambino 4 anni non mangia niente,90,13,Informational,"AI Overview, Video, Video carousel, People also ask, Related searches",bambino-non-mangia
C4b bambino non mangia (general),bambino che non mangia,70,14,Informational,"AI Overview, Video, Video carousel, People also ask, Related searches",bambino-non-mangia
C4b bambino non mangia (general),bambino 2 anni non mangia forum,50,,,,bambino-non-mangia
C4b bambino non mangia (general),bambino 3 anni non mangia più,50,,,,bambino-non-mangia
C4b bambino non mangia (general),bambino non mangia,50,,,,bambino-non-mangia
C4b bambino non mangia (general),bambino 1 anno non mangia più,40,,,,bambino-non-mangia
C4b bambino non mangia (general),quando preoccuparsi se il bambino non mangia,40,,,,bambino-non-mangia
C4b bambino non mangia (general),bambino 2 anni non mangia da solo,30,,,,bambino-non-mangia
C4b bambino non mangia (general),bambino 7 anni non mangia forum,30,,,,bambino-non-mangia
C4b bambino non mangia (general),bambino 2 anni non mangia,20,,,,bambino-non-mangia
C4b bambino non mangia (general),bambino 3 anni non mangia,20,,,,bambino-non-mangia
C4b bambino non mangia (general),bambino 3 anni non mangia da solo,20,,,,bambino-non-mangia
C4b bambino non mangia (general),bambino non mangia da 3 giorni,20,,,,bambino-non-mangia
C4b bambino non mangia (general),bambini che non mangiano frutta e verdura,10,,,,bambino-non-mangia
C4b bambino non mangia (general),bambini non mangiano,10,,,,bambino-non-mangia
C4b bambino non mangia (general),bambino 18 mesi non mangia più,10,,,,bambino-non-mangia
C4b bambino non mangia (general),bambino 18 mesi non mangia più forum,10,,,,bambino-non-mangia
C4b bambino non mangia (general),bambino 2 anni non mangia a pezzi,10,,,,bambino-non-mangia
C4b bambino non mangia (general),bambino 2 anni non mangia più forum,10,,,,bambino-non-mangia
C4b bambino non mangia (general),bambino 3 anni non mangia da solo forum,10,,,,bambino-non-mangia
C4b bambino non mangia (general),bambino 4 anni non mangia da solo,10,,,,bambino-non-mangia
C4b bambino non mangia (general),bambino 4 anni non mangia niente forum,10,,,,bambino-non-mangia
C4b bambino non mangia (general),bambino 7 anni non mangia,10,,,,bambino-non-mangia
C4b bambino non mangia (general),bambino 8 anni non mangia,10,,,,bambino-non-mangia
C4b bambino non mangia (general),bambino che non mangia cosa fare,10,,,,bambino-non-mangia
C4b bambino non mangia (general),bambino che non vuole mangiare,10,,,,bambino-non-mangia
C4b bambino non mangia (general),bambino di 2 anni non mangia,10,,,,bambino-non-mangia
C4b bambino non mangia (general),bambino di 5 anni che non mangia da solo,10,,,,bambino-non-mangia
C4b bambino non mangia (general),bambino non mangia a casa,10,,,,bambino-non-mangia
C4b bambino non mangia (general),bambino non vuole mangiare,10,,,,bambino-non-mangia
C4b bambino non mangia (general),cosa fare quando i bambini non mangiano,10,,,,bambino-non-mangia
C4b bambino non mangia (general),cosa fare se il bambino non mangia,10,,,,bambino-non-mangia
C4b bambino non mangia (general),cosa fare se un bambino non vuole mangiare,10,,,,bambino-non-mangia
C4b bambino non mangia (general),perchè i bambini non mangiano,10,,,,bambino-non-mangia
C4b bambino non mangia (general),perché i bambini non vogliono mangiare,10,,,,bambino-non-mangia
C4b bambino non mangia (general),quando i bambini non vogliono mangiare,10,,,,bambino-non-mangia
C5 selettività / mangia solo,selettività alimentare,1000,13,Informational,"AI Overview, Reviews, Video, Video carousel, People also ask, Related searches",selettività-alimentare
C5 selettività / mangia solo,selettività alimentare bambini,210,11,Informational,"AI Overview, Video, Video carousel, People also ask, Related searches",selettività-alimentare
C5 selettività / mangia solo,alimentazione selettiva cause,140,9,Informational,"AI Overview, People also ask, Related searches",selettività-alimentare
C5 selettività / mangia solo,alimentazione selettiva,110,6,Informational,"Sitelinks, AI Overview, Reviews, Video, People also ask, Related searches",selettività-alimentare
C5 selettività / mangia solo,alimentazione selettiva bambini,90,12,Informational,"AI Overview, Image, Video, People also ask",selettività-alimentare
C5 selettività / mangia solo,alimentazione selettiva nei bambini,40,,,,selettività-alimentare
C5 selettività / mangia solo,come curare la selettività alimentare,30,,,,selettività-alimentare
C5 selettività / mangia solo,alimentazione selettiva adolescenza,20,,,,selettività-alimentare
C5 selettività / mangia solo,come superare la selettività alimentare,20,,,,selettività-alimentare
C5 selettività / mangia solo,cos'è la selettività alimentare,20,,,,selettività-alimentare
C5 selettività / mangia solo,neofobia e selettività alimentare,20,,,,selettività-alimentare
C5 selettività / mangia solo,perché l alimentazione del panda è molto selettiva,20,,,,selettività-alimentare
C5 selettività / mangia solo,questionario bambi selettività alimentare,20,,,,selettività-alimentare
C5 selettività / mangia solo,selettività alimentare 2 anni,20,,,,selettività-alimentare
C5 selettività / mangia solo,selettività alimentare aba,20,,,,selettività-alimentare
C5 selettività / mangia solo,selettività alimentare bambini a chi rivolgersi,20,,,,selettività-alimentare
C5 selettività / mangia solo,selettività alimentare cause,20,,,,selettività-alimentare
C5 selettività / mangia solo,selettività alimentare intervento,20,,,,selettività-alimentare
C5 selettività / mangia solo,selettività alimentare logopedia,20,,,,selettività-alimentare
C5 selettività / mangia solo,selettività alimentare strategie,20,,,,selettività-alimentare
C5 selettività / mangia solo,sos selettività alimentare,20,,,,selettività-alimentare
C5 selettività / mangia solo,training selettività alimentare,20,,,,selettività-alimentare
C5 selettività / mangia solo,alimentazione selettiva cosa fare,10,,,,selettività-alimentare
C5 selettività / mangia solo,che cos è la selettività alimentare,10,,,,selettività-alimentare
C5 selettività / mangia solo,che cos'è la selettività alimentare,10,,,,selettività-alimentare
C5 selettività / mangia solo,cos è la selettività alimentare,10,,,,selettività-alimentare
C3 neofobia,neofobia alimentare,390,15,Informational,"AI Overview, Image, Video, Video carousel, People also ask, Related searches",neofobia-alimentare
C3 neofobia,neofobia alimentare bambini,90,12,Informational,"AI Overview, Image, Video, Video carousel, People also ask, Related searches",neofobia-alimentare
C3 neofobia,neofobia alimentare infantile,20,,,,neofobia-alimentare
C3 neofobia,neofobia alimentar,10,,,,neofobia-alimentare
C3 neofobia,neofobia alimentare bambini forum,10,,,,neofobia-alimentare
C10 quali verdure piacciono,verdure che piacciono ai bambini,20,,,,bambini-verdure
C8 frutta,frutta e verdura bambini,40,,,,bambini-verdure
C8 frutta,attività per bambini con frutta e verdura,20,,,,bambini-verdure
C8 frutta,frutta e verdura per bambini,20,,,,bambini-verdure
C8 frutta,arcimboldo per bambini ritratti di frutta e verdura,10,,,,bambini-verdure
C8 frutta,frutta e verdura di plastica per bambini,10,,,,bambini-verdure
C8 frutta,frutta e verdura in legno per bambini,10,,,,bambini-verdure
